Id;Lane Nr;Date;Vehicle Class;BAST;Speed;Scale Speed;Length LOOP[m];Axis Count;Height[cm];Optical Length[cm];Air Temp;Road Temp;Wind Direction;Wind Speed;Weight Total;Weight Each wheel;Axis1R;Axis1L;Axis2R;Axis2L;Axis3R;Axis3L;Axis4R;Axis4L;Axis5R;Axis5L;Axis6R;Axis6L;Axis7R;Axis7L;Axis8R;Axis8L;Axis9R;Axis9L;Axis10R;Axis10L;Axis11R;Axis11L;Axis12R;Axis12L;Axis13R;Axis13L;Axis14R;Axis14L;Axis15R;Axis15L;Axis16R;Distance beetween Axis;Axis 1->Axis2;Axis 2->Axis3;Axis 3->Axis4;Axis 4->Axis5;Axis 5->Axis6;Axis 6->Axis7;Axis 7->Axis8;Axis 8->Axis9;Axis 9->Axis10;Axis 10->Axis11;Axis 11->Axis12;Axis 12->Axis13;Axis 13->Axis14;Axis 14->Axis15;Axis 15->Axis16;scales1;;;;;;;;;;;;;;;;;scales2;;;;;;;;;;;;;;;;;scales3;;;;;;;;;;;;;;;;;scales4;;;;;;;;;;;;;;;;;scales5;;;;;;;;;;;;;;;;;scales6;;;;;;;;;;;;;;;;;Strong side wind;Strong rain;Low air Clerance;Breaking;Overheight;Oscilation Error;Sensor 1;Sensor 2;Sensor 3;Sensor 4;Sensor 5;Sensor 6;Reading Amount Error;Sensor 1;Sensor 2;Sensor 3;Sensor 4;Sensor 5;Sensor 6;High State Error;Sensor 1;Sensor 2;Sensor 3;Sensor 4;Sensor 5;Sensor 6;Axis Difference eError;Sensor 1;Sensor 2;Sensor 3;Sensor 4;Sensor 5;Sensor 6;
533;1;2024-07-09 10:33:40Z;6;122;30;30;1330;5;0;0;0;0;0;0;34530;;2889;2889;5742;5742;2871;2871;2880;2880;2883;2883;0;0;0;0;0;0;0;0;0;0;0;0;0;0;0;0;0;0;0;0;0;0;;222;317;80;82;0;0;0;0;0;0;0;0;0;0;0;;0;0;0;0;0;0;0;0;0;0;0;0;0;0;0;0;;2889;5742;2871;2880;2883;0;0;0;0;0;0;0;0;0;0;0;;0;0;0;0;0;0;0;0;0;0;0;0;0;0;0;0;;0;0;0;0;0;0;0;0;0;0;0;0;0;0;0;0;;0;0;0;0;0;0;0;0;0;0;0;0;0;0;0;0;;0;0;0;0;0;0;0;0;0;0;0;0;0;0;0;0;0;0;0;0;0;;0;0;0;0;0;0;;0;0;0;0;0;0;;0;0;0;0;0;0;;1;0;0;0;0;0;;
534;1;2024-07-09 10:33:43Z;6;122;30;30;1340;5;0;0;0;0;0;0;34440;;2871;2871;5748;5748;2877;2877;2865;2865;2859;2859;0;0;0;0;0;0;0;0;0;0;0;0;0;0;0;0;0;0;0;0;0;0;;222;317;79;82;0;0;0;0;0;0;0;0;0;0;0;;0;0;0;0;0;0;0;0;0;0;0;0;0;0;0;0;;2871;5748;2877;2865;2859;0;0;0;0;0;0;0;0;0;0;0;;0;0;0;0;0;0;0;0;0;0;0;0;0;0;0;0;;0;0;0;0;0;0;0;0;0;0;0;0;0;0;0;0;;0;0;0;0;0;0;0;0;0;0;0;0;0;0;0;0;;0;0;0;0;0;0;0;0;0;0;0;0;0;0;0;0;0;0;0;0;0;;0;0;0;0;0;0;;0;0;0;0;0;0;;0;0;0;0;0;0;;1;0;0;0;0;0;;
535;1;2024-07-09 10:33:48Z;6;122;30;30;1340;5;0;0;0;0;0;0;34584;;2865;2865;5769;5769;2895;2895;2883;2883;2880;2880;0;0;0;0;0;0;0;0;0;0;0;0;0;0;0;0;0;0;0;0;0;0;;222;316;80;82;0;0;0;0;0;0;0;0;0;0;0;;0;0;0;0;0;0;0;0;0;0;0;0;0;0;0;0;;2865;5769;2895;2883;2880;0;0;0;0;0;0;0;0;0;0;0;;0;0;0;0;0;0;0;0;0;0;0;0;0;0;0;0;;0;0;0;0;0;0;0;0;0;0;0;0;0;0;0;0;;0;0;0;0;0;0;0;0;0;0;0;0;0;0;0;0;;0;0;0;0;0;0;0;0;0;0;0;0;0;0;0;0;0;0;0;0;0;;0;0;0;0;0;0;;0;0;0;0;0;0;;0;0;0;0;0;0;;1;0;0;0;0;0;;
536;1;2024-07-09 10:33:52Z;6;122;30;30;1320;5;0;0;0;0;0;0;34548;;2892;2892;5739;5739;2868;2868;2886;2886;2889;2889;0;0;0;0;0;0;0;0;0;0;0;0;0;0;0;0;0;0;0;0;0;0;;222;317;80;82;0;0;0;0;0;0;0;0;0;0;0;;0;0;0;0;0;0;0;0;0;0;0;0;0;0;0;0;;2892;5739;2868;2886;2889;0;0;0;0;0;0;0;0;0;0;0;;0;0;0;0;0;0;0;0;0;0;0;0;0;0;0;0;;0;0;0;0;0;0;0;0;0;0;0;0;0;0;0;0;;0;0;0;0;0;0;0;0;0;0;0;0;0;0;0;0;;0;0;0;0;0;0;0;0;0;0;0;0;0;0;0;0;0;0;0;0;0;;0;0;0;0;0;0;;0;0;0;0;0;0;;0;0;0;0;0;0;;1;0;0;0;0;0;;
537;1;2024-07-09 10:33:56Z;6;122;30;30;1330;5;0;0;0;0;0;0;34404;;2874;2874;5739;5739;2868;2868;2859;2859;2862;2862;0;0;0;0;0;0;0;0;0;0;0;0;0;0;0;0;0;0;0;0;0;0;;222;317;79;82;0;0;0;0;0;0;0;0;0;0;0;;0;0;0;0;0;0;0;0;0;0;0;0;0;0;0;0;;2874;5739;2868;2859;2862;0;0;0;0;0;0;0;0;0;0;0;;0;0;0;0;0;0;0;0;0;0;0;0;0;0;0;0;;0;0;0;0;0;0;0;0;0;0;0;0;0;0;0;0;;0;0;0;0;0;0;0;0;0;0;0;0;0;0;0;0;;0;0;0;0;0;0;0;0;0;0;0;0;0;0;0;0;0;0;0;0;0;;0;0;0;0;0;0;;0;0;0;0;0;0;;0;0;0;0;0;0;;1;0;0;0;0;0;;
538;1;2024-07-09 10:34:00Z;6;122;30;30;1330;5;0;0;0;0;0;0;34554;;2865;2865;5766;5766;2886;2886;2883;2883;2877;2877;0;0;0;0;0;0;0;0;0;0;0;0;0;0;0;0;0;0;0;0;0;0;;222;317;80;82;0;0;0;0;0;0;0;0;0;0;0;;0;0;0;0;0;0;0;0;0;0;0;0;0;0;0;0;;2865;5766;2886;2883;2877;0;0;0;0;0;0;0;0;0;0;0;;0;0;0;0;0;0;0;0;0;0;0;0;0;0;0;0;;0;0;0;0;0;0;0;0;0;0;0;0;0;0;0;0;;0;0;0;0;0;0;0;0;0;0;0;0;0;0;0;0;;0;0;0;0;0;0;0;0;0;0;0;0;0;0;0;0;0;0;0;0;0;;0;0;0;0;0;0;;0;0;0;0;0;0;;0;0;0;0;0;0;;1;0;0;0;0;0;;
539;1;2024-07-09 10:34:04Z;6;122;30;30;1320;5;0;0;0;0;0;0;34572;;2889;2889;5754;5754;2874;2874;2889;2889;2880;2880;0;0;0;0;0;0;0;0;0;0;0;0;0;0;0;0;0;0;0;0;0;0;;222;317;80;82;0;0;0;0;0;0;0;0;0;0;0;;0;0;0;0;0;0;0;0;0;0;0;0;0;0;0;0;;2889;5754;2874;2889;2880;0;0;0;0;0;0;0;0;0;0;0;;0;0;0;0;0;0;0;0;0;0;0;0;0;0;0;0;;0;0;0;0;0;0;0;0;0;0;0;0;0;0;0;0;;0;0;0;0;0;0;0;0;0;0;0;0;0;0;0;0;;0;0;0;0;0;0;0;0;0;0;0;0;0;0;0;0;0;0;0;0;0;;0;0;0;0;0;0;;0;0;0;0;0;0;;0;0;0;0;0;0;;1;0;0;0;0;0;;
540;1;2024-07-09 10:34:08Z;6;122;30;30;1320;5;0;0;0;0;0;0;34398;;2880;2880;5739;5739;2865;2865;2850;2850;2865;2865;0;0;0;0;0;0;0;0;0;0;0;0;0;0;0;0;0;0;0;0;0;0;;222;317;80;82;0;0;0;0;0;0;0;0;0;0;0;;0;0;0;0;0;0;0;0;0;0;0;0;0;0;0;0;;2880;5739;2865;2850;2865;0;0;0;0;0;0;0;0;0;0;0;;0;0;0;0;0;0;0;0;0;0;0;0;0;0;0;0;;0;0;0;0;0;0;0;0;0;0;0;0;0;0;0;0;;0;0;0;0;0;0;0;0;0;0;0;0;0;0;0;0;;0;0;0;0;0;0;0;0;0;0;0;0;0;0;0;0;0;0;0;0;0;;0;0;0;0;0;0;;0;0;0;0;0;0;;0;0;0;0;0;0;;1;0;0;0;0;0;;
541;1;2024-07-09 10:34:12Z;6;122;30;30;1320;5;0;0;0;0;0;0;34548;;2862;2862;5766;5766;2895;2895;2877;2877;2874;2874;0;0;0;0;0;0;0;0;0;0;0;0;0;0;0;0;0;0;0;0;0;0;;222;317;80;82;0;0;0;0;0;0;0;0;0;0;0;;0;0;0;0;0;0;0;0;0;0;0;0;0;0;0;0;;2862;5766;2895;2877;2874;0;0;0;0;0;0;0;0;0;0;0;;0;0;0;0;0;0;0;0;0;0;0;0;0;0;0;0;;0;0;0;0;0;0;0;0;0;0;0;0;0;0;0;0;;0;0;0;0;0;0;0;0;0;0;0;0;0;0;0;0;;0;0;0;0;0;0;0;0;0;0;0;0;0;0;0;0;0;0;0;0;0;;0;0;0;0;0;0;;0;0;0;0;0;0;;0;0;0;0;0;0;;1;0;0;0;0;0;;
542;1;2024-07-09 10:34:15Z;6;122;30;30;1320;5;0;0;0;0;0;0;34614;;2886;2886;5754;5754;2877;2877;2895;2895;2895;2895;0;0;0;0;0;0;0;0;0;0;0;0;0;0;0;0;0;0;0;0;0;0;;222;317;80;82;0;0;0;0;0;0;0;0;0;0;0;;0;0;0;0;0;0;0;0;0;0;0;0;0;0;0;0;;2886;5754;2877;2895;2895;0;0;0;0;0;0;0;0;0;0;0;;0;0;0;0;0;0;0;0;0;0;0;0;0;0;0;0;;0;0;0;0;0;0;0;0;0;0;0;0;0;0;0;0;;0;0;0;0;0;0;0;0;0;0;0;0;0;0;0;0;;0;0;0;0;0;0;0;0;0;0;0;0;0;0;0;0;0;0;0;0;0;;0;0;0;0;0;0;;0;0;0;0;0;0;;0;0;0;0;0;0;;1;0;0;0;0;0;;
543;1;2024-07-09 10:34:19Z;6;122;30;30;1320;5;0;0;0;0;0;0;34446;;2886;2886;5733;5733;2859;2859;2871;2871;2874;2874;0;0;0;0;0;0;0;0;0;0;0;0;0;0;0;0;0;0;0;0;0;0;;222;317;80;82;0;0;0;0;0;0;0;0;0;0;0;;0;0;0;0;0;0;0;0;0;0;0;0;0;0;0;0;;2886;5733;2859;2871;2874;0;0;0;0;0;0;0;0;0;0;0;;0;0;0;0;0;0;0;0;0;0;0;0;0;0;0;0;;0;0;0;0;0;0;0;0;0;0;0;0;0;0;0;0;;0;0;0;0;0;0;0;0;0;0;0;0;0;0;0;0;;0;0;0;0;0;0;0;0;0;0;0;0;0;0;0;0;0;0;0;0;0;;0;0;0;0;0;0;;0;0;0;0;0;0;;0;0;0;0;0;0;;1;0;0;0;0;0;;
544;1;2024-07-09 10:34:23Z;6;122;30;30;1340;5;0;0;0;0;0;0;34440;;2865;2865;5751;5751;2883;2883;2862;2862;2859;2859;0;0;0;0;0;0;0;0;0;0;0;0;0;0;0;0;0;0;0;0;0;0;;222;317;80;82;0;0;0;0;0;0;0;0;0;0;0;;0;0;0;0;0;0;0;0;0;0;0;0;0;0;0;0;;2865;5751;2883;2862;2859;0;0;0;0;0;0;0;0;0;0;0;;0;0;0;0;0;0;0;0;0;0;0;0;0;0;0;0;;0;0;0;0;0;0;0;0;0;0;0;0;0;0;0;0;;0;0;0;0;0;0;0;0;0;0;0;0;0;0;0;0;;0;0;0;0;0;0;0;0;0;0;0;0;0;0;0;0;0;0;0;0;0;;0;0;0;0;0;0;;0;0;0;0;0;0;;0;0;0;0;0;0;;1;0;0;0;0;0;;
545;1;2024-07-09 10:34:27Z;6;122;30;30;1340;5;0;0;0;0;0;0;34614;;2874;2874;5766;5766;2892;2892;2889;2889;2886;2886;0;0;0;0;0;0;0;0;0;0;0;0;0;0;0;0;0;0;0;0;0;0;;222;317;80;82;0;0;0;0;0;0;0;0;0;0;0;;0;0;0;0;0;0;0;0;0;0;0;0;0;0;0;0;;2874;5766;2892;2889;2886;0;0;0;0;0;0;0;0;0;0;0;;0;0;0;0;0;0;0;0;0;0;0;0;0;0;0;0;;0;0;0;0;0;0;0;0;0;0;0;0;0;0;0;0;;0;0;0;0;0;0;0;0;0;0;0;0;0;0;0;0;;0;0;0;0;0;0;0;0;0;0;0;0;0;0;0;0;0;0;0;0;0;;0;0;0;0;0;0;;0;0;0;0;0;0;;0;0;0;0;0;0;;1;0;0;0;0;0;;
546;1;2024-07-09 10:34:31Z;6;122;30;30;1320;5;0;0;0;0;0;0;34560;;2892;2892;5745;5745;2868;2868;2886;2886;2889;2889;0;0;0;0;0;0;0;0;0;0;0;0;0;0;0;0;0;0;0;0;0;0;;222;317;80;82;0;0;0;0;0;0;0;0;0;0;0;;0;0;0;0;0;0;0;0;0;0;0;0;0;0;0;0;;2892;5745;2868;2886;2889;0;0;0;0;0;0;0;0;0;0;0;;0;0;0;0;0;0;0;0;0;0;0;0;0;0;0;0;;0;0;0;0;0;0;0;0;0;0;0;0;0;0;0;0;;0;0;0;0;0;0;0;0;0;0;0;0;0;0;0;0;;0;0;0;0;0;0;0;0;0;0;0;0;0;0;0;0;0;0;0;0;0;;0;0;0;0;0;0;;0;0;0;0;0;0;;0;0;0;0;0;0;;1;0;0;0;0;0;;
547;1;2024-07-09 10:34:35Z;6;122;30;30;1330;5;0;0;0;0;0;0;34410;;2877;2877;5736;5736;2862;2862;2862;2862;2868;2868;0;0;0;0;0;0;0;0;0;0;0;0;0;0;0;0;0;0;0;0;0;0;;222;317;79;82;0;0;0;0;0;0;0;0;0;0;0;;0;0;0;0;0;0;0;0;0;0;0;0;0;0;0;0;;2877;5736;2862;2862;2868;0;0;0;0;0;0;0;0;0;0;0;;0;0;0;0;0;0;0;0;0;0;0;0;0;0;0;0;;0;0;0;0;0;0;0;0;0;0;0;0;0;0;0;0;;0;0;0;0;0;0;0;0;0;0;0;0;0;0;0;0;;0;0;0;0;0;0;0;0;0;0;0;0;0;0;0;0;0;0;0;0;0;;0;0;0;0;0;0;;0;0;0;0;0;0;;0;0;0;0;0;0;;1;0;0;0;0;0;;
548;1;2024-07-09 10:34:39Z;6;122;30;30;1320;5;0;0;0;0;0;0;34470;;2862;2862;5757;5757;2886;2886;2868;2868;2862;2862;0;0;0;0;0;0;0;0;0;0;0;0;0;0;0;0;0;0;0;0;0;0;;222;317;80;82;0;0;0;0;0;0;0;0;0;0;0;;0;0;0;0;0;0;0;0;0;0;0;0;0;0;0;0;;2862;5757;2886;2868;2862;0;0;0;0;0;0;0;0;0;0;0;;0;0;0;0;0;0;0;0;0;0;0;0;0;0;0;0;;0;0;0;0;0;0;0;0;0;0;0;0;0;0;0;0;;0;0;0;0;0;0;0;0;0;0;0;0;0;0;0;0;;0;0;0;0;0;0;0;0;0;0;0;0;0;0;0;0;0;0;0;0;0;;0;0;0;0;0;0;;0;0;0;0;0;0;;0;0;0;0;0;0;;1;0;0;0;0;0;;
549;1;2024-07-09 10:34:43Z;6;122;30;30;1320;5;0;0;0;0;0;0;34626;;2874;2874;5766;5766;2889;2889;2892;2892;2892;2892;0;0;0;0;0;0;0;0;0;0;0;0;0;0;0;0;0;0;0;0;0;0;;222;317;80;82;0;0;0;0;0;0;0;0;0;0;0;;0;0;0;0;0;0;0;0;0;0;0;0;0;0;0;0;;2874;5766;2889;2892;2892;0;0;0;0;0;0;0;0;0;0;0;;0;0;0;0;0;0;0;0;0;0;0;0;0;0;0;0;;0;0;0;0;0;0;0;0;0;0;0;0;0;0;0;0;;0;0;0;0;0;0;0;0;0;0;0;0;0;0;0;0;;0;0;0;0;0;0;0;0;0;0;0;0;0;0;0;0;0;0;0;0;0;;0;0;0;0;0;0;;0;0;0;0;0;0;;0;0;0;0;0;0;;1;0;0;0;0;0;;
550;1;2024-07-09 10:34:47Z;6;122;30;30;1320;5;0;0;0;0;0;0;34500;;2883;2883;5739;5739;2862;2862;2880;2880;2886;2886;0;0;0;0;0;0;0;0;0;0;0;0;0;0;0;0;0;0;0;0;0;0;;222;317;80;82;0;0;0;0;0;0;0;0;0;0;0;;0;0;0;0;0;0;0;0;0;0;0;0;0;0;0;0;;2883;5739;2862;2880;2886;0;0;0;0;0;0;0;0;0;0;0;;0;0;0;0;0;0;0;0;0;0;0;0;0;0;0;0;;0;0;0;0;0;0;0;0;0;0;0;0;0;0;0;0;;0;0;0;0;0;0;0;0;0;0;0;0;0;0;0;0;;0;0;0;0;0;0;0;0;0;0;0;0;0;0;0;0;0;0;0;0;0;;0;0;0;0;0;0;;0;0;0;0;0;0;;0;0;0;0;0;0;;1;0;0;0;0;0;;
551;1;2024-07-09 10:34:51Z;6;122;30;30;1330;5;0;0;0;0;0;0;34428;;2868;2868;5745;5745;2880;2880;2862;2862;2859;2859;0;0;0;0;0;0;0;0;0;0;0;0;0;0;0;0;0;0;0;0;0;0;;222;317;80;82;0;0;0;0;0;0;0;0;0;0;0;;0;0;0;0;0;0;0;0;0;0;0;0;0;0;0;0;;2868;5745;2880;2862;2859;0;0;0;0;0;0;0;0;0;0;0;;0;0;0;0;0;0;0;0;0;0;0;0;0;0;0;0;;0;0;0;0;0;0;0;0;0;0;0;0;0;0;0;0;;0;0;0;0;0;0;0;0;0;0;0;0;0;0;0;0;;0;0;0;0;0;0;0;0;0;0;0;0;0;0;0;0;0;0;0;0;0;;0;0;0;0;0;0;;0;0;0;0;0;0;;0;0;0;0;0;0;;1;0;0;0;0;0;;
552;1;2024-07-09 10:34:55Z;6;122;30;30;1340;5;0;0;0;0;0;0;34614;;2871;2871;5766;5766;2892;2892;2892;2892;2886;2886;0;0;0;0;0;0;0;0;0;0;0;0;0;0;0;0;0;0;0;0;0;0;;222;317;80;82;0;0;0;0;0;0;0;0;0;0;0;;0;0;0;0;0;0;0;0;0;0;0;0;0;0;0;0;;2871;5766;2892;2892;2886;0;0;0;0;0;0;0;0;0;0;0;;0;0;0;0;0;0;0;0;0;0;0;0;0;0;0;0;;0;0;0;0;0;0;0;0;0;0;0;0;0;0;0;0;;0;0;0;0;0;0;0;0;0;0;0;0;0;0;0;0;;0;0;0;0;0;0;0;0;0;0;0;0;0;0;0;0;0;0;0;0;0;;0;0;0;0;0;0;;0;0;0;0;0;0;;0;0;0;0;0;0;;1;0;0;0;0;0;;
553;1;2024-07-09 10:34:59Z;6;122;30;30;1340;5;0;0;0;0;0;0;34542;;2892;2892;5745;5745;2865;2865;2883;2883;2886;2886;0;0;0;0;0;0;0;0;0;0;0;0;0;0;0;0;0;0;0;0;0;0;;222;317;80;82;0;0;0;0;0;0;0;0;0;0;0;;0;0;0;0;0;0;0;0;0;0;0;0;0;0;0;0;;2892;5745;2865;2883;2886;0;0;0;0;0;0;0;0;0;0;0;;0;0;0;0;0;0;0;0;0;0;0;0;0;0;0;0;;0;0;0;0;0;0;0;0;0;0;0;0;0;0;0;0;;0;0;0;0;0;0;0;0;0;0;0;0;0;0;0;0;;0;0;0;0;0;0;0;0;0;0;0;0;0;0;0;0;0;0;0;0;0;;0;0;0;0;0;0;;0;0;0;0;0;0;;0;0;0;0;0;0;;1;0;0;0;0;0;;
555;1;2024-07-09 10:35:07Z;6;122;30;30;1320;5;0;0;0;0;0;0;34548;;2865;2865;5766;5766;2892;2892;2877;2877;2874;2874;0;0;0;0;0;0;0;0;0;0;0;0;0;0;0;0;0;0;0;0;0;0;;222;317;80;82;0;0;0;0;0;0;0;0;0;0;0;;0;0;0;0;0;0;0;0;0;0;0;0;0;0;0;0;;2865;5766;2892;2877;2874;0;0;0;0;0;0;0;0;0;0;0;;0;0;0;0;0;0;0;0;0;0;0;0;0;0;0;0;;0;0;0;0;0;0;0;0;0;0;0;0;0;0;0;0;;0;0;0;0;0;0;0;0;0;0;0;0;0;0;0;0;;0;0;0;0;0;0;0;0;0;0;0;0;0;0;0;0;0;0;0;0;0;;0;0;0;0;0;0;;0;0;0;0;0;0;;0;0;0;0;0;0;;1;0;0;0;0;0;;
556;1;2024-07-09 10:35:11Z;6;122;30;30;1320;5;0;0;0;0;0;0;34602;;2883;2883;5748;5748;2880;2880;2895;2895;2895;2895;0;0;0;0;0;0;0;0;0;0;0;0;0;0;0;0;0;0;0;0;0;0;;222;317;80;82;0;0;0;0;0;0;0;0;0;0;0;;0;0;0;0;0;0;0;0;0;0;0;0;0;0;0;0;;2883;5748;2880;2895;2895;0;0;0;0;0;0;0;0;0;0;0;;0;0;0;0;0;0;0;0;0;0;0;0;0;0;0;0;;0;0;0;0;0;0;0;0;0;0;0;0;0;0;0;0;;0;0;0;0;0;0;0;0;0;0;0;0;0;0;0;0;;0;0;0;0;0;0;0;0;0;0;0;0;0;0;0;0;0;0;0;0;0;;0;0;0;0;0;0;;0;0;0;0;0;0;;0;0;0;0;0;0;;1;0;0;0;0;0;;
557;1;2024-07-09 10:35:15Z;6;122;30;30;1320;5;0;0;0;0;0;0;34446;;2886;2886;5733;5733;2859;2859;2871;2871;2874;2874;0;0;0;0;0;0;0;0;0;0;0;0;0;0;0;0;0;0;0;0;0;0;;222;317;80;82;0;0;0;0;0;0;0;0;0;0;0;;0;0;0;0;0;0;0;0;0;0;0;0;0;0;0;0;;2886;5733;2859;2871;2874;0;0;0;0;0;0;0;0;0;0;0;;0;0;0;0;0;0;0;0;0;0;0;0;0;0;0;0;;0;0;0;0;0;0;0;0;0;0;0;0;0;0;0;0;;0;0;0;0;0;0;0;0;0;0;0;0;0;0;0;0;;0;0;0;0;0;0;0;0;0;0;0;0;0;0;0;0;0;0;0;0;0;;0;0;0;0;0;0;;0;0;0;0;0;0;;0;0;0;0;0;0;;1;0;0;0;0;0;;
558;1;2024-07-09 10:35:19Z;6;122;30;30;1320;5;0;0;0;0;0;0;34446;;2865;2865;5754;5754;2877;2877;2865;2865;2862;2862;0;0;0;0;0;0;0;0;0;0;0;0;0;0;0;0;0;0;0;0;0;0;;222;317;80;82;0;0;0;0;0;0;0;0;0;0;0;;0;0;0;0;0;0;0;0;0;0;0;0;0;0;0;0;;2865;5754;2877;2865;2862;0;0;0;0;0;0;0;0;0;0;0;;0;0;0;0;0;0;0;0;0;0;0;0;0;0;0;0;;0;0;0;0;0;0;0;0;0;0;0;0;0;0;0;0;;0;0;0;0;0;0;0;0;0;0;0;0;0;0;0;0;;0;0;0;0;0;0;0;0;0;0;0;0;0;0;0;0;0;0;0;0;0;;0;0;0;0;0;0;;0;0;0;0;0;0;;0;0;0;0;0;0;;1;0;0;0;0;0;;
559;1;2024-07-09 10:35:23Z;6;122;30;30;1320;5;0;0;0;0;0;0;34620;;2877;2877;5766;5766;2889;2889;2892;2892;2886;2886;0;0;0;0;0;0;0;0;0;0;0;0;0;0;0;0;0;0;0;0;0;0;;222;317;80;82;0;0;0;0;0;0;0;0;0;0;0;;0;0;0;0;0;0;0;0;0;0;0;0;0;0;0;0;;2877;5766;2889;2892;2886;0;0;0;0;0;0;0;0;0;0;0;;0;0;0;0;0;0;0;0;0;0;0;0;0;0;0;0;;0;0;0;0;0;0;0;0;0;0;0;0;0;0;0;0;;0;0;0;0;0;0;0;0;0;0;0;0;0;0;0;0;;0;0;0;0;0;0;0;0;0;0;0;0;0;0;0;0;0;0;0;0;0;;0;0;0;0;0;0;;0;0;0;0;0;0;;0;0;0;0;0;0;;1;0;0;0;0;0;;
560;1;2024-07-09 10:35:27Z;6;122;30;30;1330;5;0;0;0;0;0;0;34512;;2892;2892;5745;5745;2865;2865;2868;2868;2886;2886;0;0;0;0;0;0;0;0;0;0;0;0;0;0;0;0;0;0;0;0;0;0;;222;317;80;82;0;0;0;0;0;0;0;0;0;0;0;;0;0;0;0;0;0;0;0;0;0;0;0;0;0;0;0;;2892;5745;2865;2868;2886;0;0;0;0;0;0;0;0;0;0;0;;0;0;0;0;0;0;0;0;0;0;0;0;0;0;0;0;;0;0;0;0;0;0;0;0;0;0;0;0;0;0;0;0;;0;0;0;0;0;0;0;0;0;0;0;0;0;0;0;0;;0;0;0;0;0;0;0;0;0;0;0;0;0;0;0;0;0;0;0;0;0;;0;0;0;0;0;0;;0;0;0;0;0;0;;0;0;0;0;0;0;;1;0;0;0;0;0;;
561;1;2024-07-09 10:35:31Z;6;122;30;30;1320;5;0;0;0;0;0;0;34398;;2874;2874;5739;5739;2865;2865;2859;2859;2862;2862;0;0;0;0;0;0;0;0;0;0;0;0;0;0;0;0;0;0;0;0;0;0;;222;317;80;82;0;0;0;0;0;0;0;0;0;0;0;;0;0;0;0;0;0;0;0;0;0;0;0;0;0;0;0;;2874;5739;2865;2859;2862;0;0;0;0;0;0;0;0;0;0;0;;0;0;0;0;0;0;0;0;0;0;0;0;0;0;0;0;;0;0;0;0;0;0;0;0;0;0;0;0;0;0;0;0;;0;0;0;0;0;0;0;0;0;0;0;0;0;0;0;0;;0;0;0;0;0;0;0;0;0;0;0;0;0;0;0;0;0;0;0;0;0;;0;0;0;0;0;0;;0;0;0;0;0;0;;0;0;0;0;0;0;;1;0;0;0;0;0;;
562;1;2024-07-09 10:35:35Z;6;122;30;30;1340;5;0;0;0;0;0;0;34524;;2862;2862;5766;5766;2892;2892;2874;2874;2868;2868;0;0;0;0;0;0;0;0;0;0;0;0;0;0;0;0;0;0;0;0;0;0;;222;317;80;82;0;0;0;0;0;0;0;0;0;0;0;;0;0;0;0;0;0;0;0;0;0;0;0;0;0;0;0;;2862;5766;2892;2874;2868;0;0;0;0;0;0;0;0;0;0;0;;0;0;0;0;0;0;0;0;0;0;0;0;0;0;0;0;;0;0;0;0;0;0;0;0;0;0;0;0;0;0;0;0;;0;0;0;0;0;0;0;0;0;0;0;0;0;0;0;0;;0;0;0;0;0;0;0;0;0;0;0;0;0;0;0;0;0;0;0;0;0;;0;0;0;0;0;0;;0;0;0;0;0;0;;0;0;0;0;0;0;;1;0;0;0;0;0;;
564;1;2024-07-09 10:35:43Z;6;122;30;30;1320;5;0;0;0;0;0;0;34458;;2886;2886;5733;5733;2862;2862;2874;2874;2874;2874;0;0;0;0;0;0;0;0;0;0;0;0;0;0;0;0;0;0;0;0;0;0;;222;317;80;82;0;0;0;0;0;0;0;0;0;0;0;;0;0;0;0;0;0;0;0;0;0;0;0;0;0;0;0;;2886;5733;2862;2874;2874;0;0;0;0;0;0;0;0;0;0;0;;0;0;0;0;0;0;0;0;0;0;0;0;0;0;0;0;;0;0;0;0;0;0;0;0;0;0;0;0;0;0;0;0;;0;0;0;0;0;0;0;0;0;0;0;0;0;0;0;0;;0;0;0;0;0;0;0;0;0;0;0;0;0;0;0;0;0;0;0;0;0;;0;0;0;0;0;0;;0;0;0;0;0;0;;0;0;0;0;0;0;;1;0;0;0;0;0;;
565;1;2024-07-09 10:35:47Z;6;122;30;30;1320;5;0;0;0;0;0;0;34452;;2862;2862;5754;5754;2883;2883;2865;2865;2862;2862;0;0;0;0;0;0;0;0;0;0;0;0;0;0;0;0;0;0;0;0;0;0;;222;317;80;82;0;0;0;0;0;0;0;0;0;0;0;;0;0;0;0;0;0;0;0;0;0;0;0;0;0;0;0;;2862;5754;2883;2865;2862;0;0;0;0;0;0;0;0;0;0;0;;0;0;0;0;0;0;0;0;0;0;0;0;0;0;0;0;;0;0;0;0;0;0;0;0;0;0;0;0;0;0;0;0;;0;0;0;0;0;0;0;0;0;0;0;0;0;0;0;0;;0;0;0;0;0;0;0;0;0;0;0;0;0;0;0;0;0;0;0;0;0;;0;0;0;0;0;0;;0;0;0;0;0;0;;0;0;0;0;0;0;;1;0;0;0;0;0;;
566;1;2024-07-09 10:35:51Z;6;122;30;30;1320;5;0;0;0;0;0;0;34626;;2874;2874;5763;5763;2892;2892;2895;2895;2889;2889;0;0;0;0;0;0;0;0;0;0;0;0;0;0;0;0;0;0;0;0;0;0;;222;317;80;82;0;0;0;0;0;0;0;0;0;0;0;;0;0;0;0;0;0;0;0;0;0;0;0;0;0;0;0;;2874;5763;2892;2895;2889;0;0;0;0;0;0;0;0;0;0;0;;0;0;0;0;0;0;0;0;0;0;0;0;0;0;0;0;;0;0;0;0;0;0;0;0;0;0;0;0;0;0;0;0;;0;0;0;0;0;0;0;0;0;0;0;0;0;0;0;0;;0;0;0;0;0;0;0;0;0;0;0;0;0;0;0;0;0;0;0;0;0;;0;0;0;0;0;0;;0;0;0;0;0;0;;0;0;0;0;0;0;;1;0;0;0;0;0;;
567;1;2024-07-09 10:35:55Z;6;122;30;30;1320;5;0;0;0;0;0;0;34494;;2886;2886;5739;5739;2859;2859;2880;2880;2883;2883;0;0;0;0;0;0;0;0;0;0;0;0;0;0;0;0;0;0;0;0;0;0;;222;317;80;82;0;0;0;0;0;0;0;0;0;0;0;;0;0;0;0;0;0;0;0;0;0;0;0;0;0;0;0;;2886;5739;2859;2880;2883;0;0;0;0;0;0;0;0;0;0;0;;0;0;0;0;0;0;0;0;0;0;0;0;0;0;0;0;;0;0;0;0;0;0;0;0;0;0;0;0;0;0;0;0;;0;0;0;0;0;0;0;0;0;0;0;0;0;0;0;0;;0;0;0;0;0;0;0;0;0;0;0;0;0;0;0;0;0;0;0;0;0;;0;0;0;0;0;0;;0;0;0;0;0;0;;0;0;0;0;0;0;;1;0;0;0;0;0;;
568;1;2024-07-09 10:35:59Z;6;122;30;30;1320;5;0;0;0;0;0;0;34410;;2871;2871;5745;5745;2871;2871;2859;2859;2859;2859;0;0;0;0;0;0;0;0;0;0;0;0;0;0;0;0;0;0;0;0;0;0;;222;317;80;82;0;0;0;0;0;0;0;0;0;0;0;;0;0;0;0;0;0;0;0;0;0;0;0;0;0;0;0;;2871;5745;2871;2859;2859;0;0;0;0;0;0;0;0;0;0;0;;0;0;0;0;0;0;0;0;0;0;0;0;0;0;0;0;;0;0;0;0;0;0;0;0;0;0;0;0;0;0;0;0;;0;0;0;0;0;0;0;0;0;0;0;0;0;0;0;0;;0;0;0;0;0;0;0;0;0;0;0;0;0;0;0;0;0;0;0;0;0;;0;0;0;0;0;0;;0;0;0;0;0;0;;0;0;0;0;0;0;;1;0;0;0;0;0;;
569;1;2024-07-09 10:36:03Z;6;122;30;30;1330;5;0;0;0;0;0;0;34578;;2865;2865;5763;5763;2892;2892;2886;2886;2883;2883;0;0;0;0;0;0;0;0;0;0;0;0;0;0;0;0;0;0;0;0;0;0;;222;317;79;82;0;0;0;0;0;0;0;0;0;0;0;;0;0;0;0;0;0;0;0;0;0;0;0;0;0;0;0;;2865;5763;2892;2886;2883;0;0;0;0;0;0;0;0;0;0;0;;0;0;0;0;0;0;0;0;0;0;0;0;0;0;0;0;;0;0;0;0;0;0;0;0;0;0;0;0;0;0;0;0;;0;0;0;0;0;0;0;0;0;0;0;0;0;0;0;0;;0;0;0;0;0;0;0;0;0;0;0;0;0;0;0;0;0;0;0;0;0;;0;0;0;0;0;0;;0;0;0;0;0;0;;0;0;0;0;0;0;;1;0;0;0;0;0;;
570;1;2024-07-09 10:36:07Z;6;122;30;30;1340;5;0;0;0;0;0;0;34566;;2880;2880;5751;5751;2871;2871;2889;2889;2892;2892;0;0;0;0;0;0;0;0;0;0;0;0;0;0;0;0;0;0;0;0;0;0;;222;317;80;82;0;0;0;0;0;0;0;0;0;0;0;;0;0;0;0;0;0;0;0;0;0;0;0;0;0;0;0;;2880;5751;2871;2889;2892;0;0;0;0;0;0;0;0;0;0;0;;0;0;0;0;0;0;0;0;0;0;0;0;0;0;0;0;;0;0;0;0;0;0;0;0;0;0;0;0;0;0;0;0;;0;0;0;0;0;0;0;0;0;0;0;0;0;0;0;0;;0;0;0;0;0;0;0;0;0;0;0;0;0;0;0;0;0;0;0;0;0;;0;0;0;0;0;0;;0;0;0;0;0;0;;0;0;0;0;0;0;;1;0;0;0;0;0;;
571;1;2024-07-09 10:36:11Z;6;122;30;30;1330;5;0;0;0;0;0;0;34440;;2883;2883;5736;5736;2859;2859;2868;2868;2874;2874;0;0;0;0;0;0;0;0;0;0;0;0;0;0;0;0;0;0;0;0;0;0;;222;317;80;82;0;0;0;0;0;0;0;0;0;0;0;;0;0;0;0;0;0;0;0;0;0;0;0;0;0;0;0;;2883;5736;2859;2868;2874;0;0;0;0;0;0;0;0;0;0;0;;0;0;0;0;0;0;0;0;0;0;0;0;0;0;0;0;;0;0;0;0;0;0;0;0;0;0;0;0;0;0;0;0;;0;0;0;0;0;0;0;0;0;0;0;0;0;0;0;0;;0;0;0;0;0;0;0;0;0;0;0;0;0;0;0;0;0;0;0;0;0;;0;0;0;0;0;0;;0;0;0;0;0;0;;0;0;0;0;0;0;;1;0;0;0;0;0;;
572;1;2024-07-09 10:36:15Z;6;122;30;30;1320;5;0;0;0;0;0;0;34452;;2868;2868;5754;5754;2880;2880;2865;2865;2859;2859;0;0;0;0;0;0;0;0;0;0;0;0;0;0;0;0;0;0;0;0;0;0;;222;317;79;82;0;0;0;0;0;0;0;0;0;0;0;;0;0;0;0;0;0;0;0;0;0;0;0;0;0;0;0;;2868;5754;2880;2865;2859;0;0;0;0;0;0;0;0;0;0;0;;0;0;0;0;0;0;0;0;0;0;0;0;0;0;0;0;;0;0;0;0;0;0;0;0;0;0;0;0;0;0;0;0;;0;0;0;0;0;0;0;0;0;0;0;0;0;0;0;0;;0;0;0;0;0;0;0;0;0;0;0;0;0;0;0;0;0;0;0;0;0;;0;0;0;0;0;0;;0;0;0;0;0;0;;0;0;0;0;0;0;;1;0;0;0;0;0;;
573;1;2024-07-09 10:36:19Z;6;122;30;30;1330;5;0;0;0;0;0;0;34584;;2865;2865;5769;5769;2895;2895;2886;2886;2877;2877;0;0;0;0;0;0;0;0;0;0;0;0;0;0;0;0;0;0;0;0;0;0;;222;317;79;82;0;0;0;0;0;0;0;0;0;0;0;;0;0;0;0;0;0;0;0;0;0;0;0;0;0;0;0;;2865;5769;2895;2886;2877;0;0;0;0;0;0;0;0;0;0;0;;0;0;0;0;0;0;0;0;0;0;0;0;0;0;0;0;;0;0;0;0;0;0;0;0;0;0;0;0;0;0;0;0;;0;0;0;0;0;0;0;0;0;0;0;0;0;0;0;0;;0;0;0;0;0;0;0;0;0;0;0;0;0;0;0;0;0;0;0;0;0;;0;0;0;0;0;0;;0;0;0;0;0;0;;0;0;0;0;0;0;;1;0;0;0;0;0;;
574;1;2024-07-09 10:36:23Z;6;122;30;30;1320;5;0;0;0;0;0;0;34614;;2886;2886;5754;5754;2880;2880;2892;2892;2895;2895;0;0;0;0;0;0;0;0;0;0;0;0;0;0;0;0;0;0;0;0;0;0;;222;317;80;82;0;0;0;0;0;0;0;0;0;0;0;;0;0;0;0;0;0;0;0;0;0;0;0;0;0;0;0;;2886;5754;2880;2892;2895;0;0;0;0;0;0;0;0;0;0;0;;0;0;0;0;0;0;0;0;0;0;0;0;0;0;0;0;;0;0;0;0;0;0;0;0;0;0;0;0;0;0;0;0;;0;0;0;0;0;0;0;0;0;0;0;0;0;0;0;0;;0;0;0;0;0;0;0;0;0;0;0;0;0;0;0;0;0;0;0;0;0;;0;0;0;0;0;0;;0;0;0;0;0;0;;0;0;0;0;0;0;;1;0;0;0;0;0;;
575;1;2024-07-09 10:36:27Z;6;122;30;30;1320;5;0;0;0;0;0;0;34452;;2886;2886;5736;5736;2859;2859;2871;2871;2874;2874;0;0;0;0;0;0;0;0;0;0;0;0;0;0;0;0;0;0;0;0;0;0;;222;317;80;82;0;0;0;0;0;0;0;0;0;0;0;;0;0;0;0;0;0;0;0;0;0;0;0;0;0;0;0;;2886;5736;2859;2871;2874;0;0;0;0;0;0;0;0;0;0;0;;0;0;0;0;0;0;0;0;0;0;0;0;0;0;0;0;;0;0;0;0;0;0;0;0;0;0;0;0;0;0;0;0;;0;0;0;0;0;0;0;0;0;0;0;0;0;0;0;0;;0;0;0;0;0;0;0;0;0;0;0;0;0;0;0;0;0;0;0;0;0;;0;0;0;0;0;0;;0;0;0;0;0;0;;0;0;0;0;0;0;;1;0;0;0;0;0;;
576;1;2024-07-09 10:36:31Z;6;122;30;30;1320;5;0;0;0;0;0;0;34434;;2865;2865;5742;5742;2883;2883;2865;2865;2862;2862;0;0;0;0;0;0;0;0;0;0;0;0;0;0;0;0;0;0;0;0;0;0;;222;317;80;82;0;0;0;0;0;0;0;0;0;0;0;;0;0;0;0;0;0;0;0;0;0;0;0;0;0;0;0;;2865;5742;2883;2865;2862;0;0;0;0;0;0;0;0;0;0;0;;0;0;0;0;0;0;0;0;0;0;0;0;0;0;0;0;;0;0;0;0;0;0;0;0;0;0;0;0;0;0;0;0;;0;0;0;0;0;0;0;0;0;0;0;0;0;0;0;0;;0;0;0;0;0;0;0;0;0;0;0;0;0;0;0;0;0;0;0;0;0;;0;0;0;0;0;0;;0;0;0;0;0;0;;0;0;0;0;0;0;;1;0;0;0;0;0;;
577;1;2024-07-09 10:36:35Z;6;122;30;30;1320;5;0;0;0;0;0;0;34626;;2871;2871;5769;5769;2892;2892;2892;2892;2889;2889;0;0;0;0;0;0;0;0;0;0;0;0;0;0;0;0;0;0;0;0;0;0;;222;317;80;82;0;0;0;0;0;0;0;0;0;0;0;;0;0;0;0;0;0;0;0;0;0;0;0;0;0;0;0;;2871;5769;2892;2892;2889;0;0;0;0;0;0;0;0;0;0;0;;0;0;0;0;0;0;0;0;0;0;0;0;0;0;0;0;;0;0;0;0;0;0;0;0;0;0;0;0;0;0;0;0;;0;0;0;0;0;0;0;0;0;0;0;0;0;0;0;0;;0;0;0;0;0;0;0;0;0;0;0;0;0;0;0;0;0;0;0;0;0;;0;0;0;0;0;0;;0;0;0;0;0;0;;0;0;0;0;0;0;;1;0;0;0;0;0;;
578;1;2024-07-09 10:36:39Z;6;122;30;30;1320;5;0;0;0;0;0;0;34542;;2892;2892;5742;5742;2865;2865;2886;2886;2886;2886;0;0;0;0;0;0;0;0;0;0;0;0;0;0;0;0;0;0;0;0;0;0;;222;317;80;82;0;0;0;0;0;0;0;0;0;0;0;;0;0;0;0;0;0;0;0;0;0;0;0;0;0;0;0;;2892;5742;2865;2886;2886;0;0;0;0;0;0;0;0;0;0;0;;0;0;0;0;0;0;0;0;0;0;0;0;0;0;0;0;;0;0;0;0;0;0;0;0;0;0;0;0;0;0;0;0;;0;0;0;0;0;0;0;0;0;0;0;0;0;0;0;0;;0;0;0;0;0;0;0;0;0;0;0;0;0;0;0;0;0;0;0;0;0;;0;0;0;0;0;0;;0;0;0;0;0;0;;0;0;0;0;0;0;;1;0;0;0;0;0;;
579;1;2024-07-09 10:36:43Z;6;122;30;30;1330;5;0;0;0;0;0;0;34416;;2874;2874;5742;5742;2871;2871;2862;2862;2859;2859;0;0;0;0;0;0;0;0;0;0;0;0;0;0;0;0;0;0;0;0;0;0;;222;317;80;82;0;0;0;0;0;0;0;0;0;0;0;;0;0;0;0;0;0;0;0;0;0;0;0;0;0;0;0;;2874;5742;2871;2862;2859;0;0;0;0;0;0;0;0;0;0;0;;0;0;0;0;0;0;0;0;0;0;0;0;0;0;0;0;;0;0;0;0;0;0;0;0;0;0;0;0;0;0;0;0;;0;0;0;0;0;0;0;0;0;0;0;0;0;0;0;0;;0;0;0;0;0;0;0;0;0;0;0;0;0;0;0;0;0;0;0;0;0;;0;0;0;0;0;0;;0;0;0;0;0;0;;0;0;0;0;0;0;;1;0;0;0;0;0;;
580;1;2024-07-09 10:36:47Z;6;122;30;30;1340;5;0;0;0;0;0;0;34560;;2865;2865;5766;5766;2898;2898;2874;2874;2877;2877;0;0;0;0;0;0;0;0;0;0;0;0;0;0;0;0;0;0;0;0;0;0;;222;317;80;82;0;0;0;0;0;0;0;0;0;0;0;;0;0;0;0;0;0;0;0;0;0;0;0;0;0;0;0;;2865;5766;2898;2874;2877;0;0;0;0;0;0;0;0;0;0;0;;0;0;0;0;0;0;0;0;0;0;0;0;0;0;0;0;;0;0;0;0;0;0;0;0;0;0;0;0;0;0;0;0;;0;0;0;0;0;0;0;0;0;0;0;0;0;0;0;0;;0;0;0;0;0;0;0;0;0;0;0;0;0;0;0;0;0;0;0;0;0;;0;0;0;0;0;0;;0;0;0;0;0;0;;0;0;0;0;0;0;;1;0;0;0;0;0;;
581;1;2024-07-09 10:36:51Z;6;122;30;30;1340;5;0;0;0;0;0;0;34584;;2886;2886;5754;5754;2868;2868;2892;2892;2892;2892;0;0;0;0;0;0;0;0;0;0;0;0;0;0;0;0;0;0;0;0;0;0;;222;317;80;82;0;0;0;0;0;0;0;0;0;0;0;;0;0;0;0;0;0;0;0;0;0;0;0;0;0;0;0;;2886;5754;2868;2892;2892;0;0;0;0;0;0;0;0;0;0;0;;0;0;0;0;0;0;0;0;0;0;0;0;0;0;0;0;;0;0;0;0;0;0;0;0;0;0;0;0;0;0;0;0;;0;0;0;0;0;0;0;0;0;0;0;0;0;0;0;0;;0;0;0;0;0;0;0;0;0;0;0;0;0;0;0;0;0;0;0;0;0;;0;0;0;0;0;0;;0;0;0;0;0;0;;0;0;0;0;0;0;;1;0;0;0;0;0;;
582;1;2024-07-09 10:36:55Z;6;122;30;30;1340;5;0;0;0;0;0;0;34446;;2889;2889;5736;5736;2859;2859;2874;2874;2865;2865;0;0;0;0;0;0;0;0;0;0;0;0;0;0;0;0;0;0;0;0;0;0;;222;317;80;82;0;0;0;0;0;0;0;0;0;0;0;;0;0;0;0;0;0;0;0;0;0;0;0;0;0;0;0;;2889;5736;2859;2874;2865;0;0;0;0;0;0;0;0;0;0;0;;0;0;0;0;0;0;0;0;0;0;0;0;0;0;0;0;;0;0;0;0;0;0;0;0;0;0;0;0;0;0;0;0;;0;0;0;0;0;0;0;0;0;0;0;0;0;0;0;0;;0;0;0;0;0;0;0;0;0;0;0;0;0;0;0;0;0;0;0;0;0;;0;0;0;0;0;0;;0;0;0;0;0;0;;0;0;0;0;0;0;;1;0;0;0;0;0;;
583;1;2024-07-09 10:37:00Z;6;122;30;30;1340;5;0;0;0;0;0;0;34428;;2871;2871;5748;5748;2877;2877;2859;2859;2859;2859;0;0;0;0;0;0;0;0;0;0;0;0;0;0;0;0;0;0;0;0;0;0;;222;317;80;82;0;0;0;0;0;0;0;0;0;0;0;;0;0;0;0;0;0;0;0;0;0;0;0;0;0;0;0;;2871;5748;2877;2859;2859;0;0;0;0;0;0;0;0;0;0;0;;0;0;0;0;0;0;0;0;0;0;0;0;0;0;0;0;;0;0;0;0;0;0;0;0;0;0;0;0;0;0;0;0;;0;0;0;0;0;0;0;0;0;0;0;0;0;0;0;0;;0;0;0;0;0;0;0;0;0;0;0;0;0;0;0;0;0;0;0;0;0;;0;0;0;0;0;0;;0;0;0;0;0;0;;0;0;0;0;0;0;;1;0;0;0;0;0;;
585;1;2024-07-09 10:37:08Z;6;122;30;30;1330;5;0;0;0;0;0;0;34620;;2883;2883;5754;5754;2883;2883;2892;2892;2898;2898;0;0;0;0;0;0;0;0;0;0;0;0;0;0;0;0;0;0;0;0;0;0;;222;317;80;82;0;0;0;0;0;0;0;0;0;0;0;;0;0;0;0;0;0;0;0;0;0;0;0;0;0;0;0;;2883;5754;2883;2892;2898;0;0;0;0;0;0;0;0;0;0;0;;0;0;0;0;0;0;0;0;0;0;0;0;0;0;0;0;;0;0;0;0;0;0;0;0;0;0;0;0;0;0;0;0;;0;0;0;0;0;0;0;0;0;0;0;0;0;0;0;0;;0;0;0;0;0;0;0;0;0;0;0;0;0;0;0;0;0;0;0;0;0;;0;0;0;0;0;0;;0;0;0;0;0;0;;0;0;0;0;0;0;;1;0;0;0;0;0;;
586;1;2024-07-09 10:37:12Z;6;122;30;30;1320;5;0;0;0;0;0;0;34506;;2889;2889;5739;5739;2862;2862;2880;2880;2883;2883;0;0;0;0;0;0;0;0;0;0;0;0;0;0;0;0;0;0;0;0;0;0;;222;317;80;82;0;0;0;0;0;0;0;0;0;0;0;;0;0;0;0;0;0;0;0;0;0;0;0;0;0;0;0;;2889;5739;2862;2880;2883;0;0;0;0;0;0;0;0;0;0;0;;0;0;0;0;0;0;0;0;0;0;0;0;0;0;0;0;;0;0;0;0;0;0;0;0;0;0;0;0;0;0;0;0;;0;0;0;0;0;0;0;0;0;0;0;0;0;0;0;0;;0;0;0;0;0;0;0;0;0;0;0;0;0;0;0;0;0;0;0;0;0;;0;0;0;0;0;0;;0;0;0;0;0;0;;0;0;0;0;0;0;;1;0;0;0;0;0;;
587;1;2024-07-09 10:37:15Z;6;122;30;30;1320;5;0;0;0;0;0;0;34410;;2871;2871;5742;5742;2871;2871;2859;2859;2862;2862;0;0;0;0;0;0;0;0;0;0;0;0;0;0;0;0;0;0;0;0;0;0;;222;317;80;82;0;0;0;0;0;0;0;0;0;0;0;;0;0;0;0;0;0;0;0;0;0;0;0;0;0;0;0;;2871;5742;2871;2859;2862;0;0;0;0;0;0;0;0;0;0;0;;0;0;0;0;0;0;0;0;0;0;0;0;0;0;0;0;;0;0;0;0;0;0;0;0;0;0;0;0;0;0;0;0;;0;0;0;0;0;0;0;0;0;0;0;0;0;0;0;0;;0;0;0;0;0;0;0;0;0;0;0;0;0;0;0;0;0;0;0;0;0;;0;0;0;0;0;0;;0;0;0;0;0;0;;0;0;0;0;0;0;;1;0;0;0;0;0;;
588;1;2024-07-09 10:37:20Z;6;122;30;30;1320;5;0;0;0;0;0;0;34566;;2865;2865;5766;5766;2895;2895;2880;2880;2877;2877;0;0;0;0;0;0;0;0;0;0;0;0;0;0;0;0;0;0;0;0;0;0;;222;317;80;82;0;0;0;0;0;0;0;0;0;0;0;;0;0;0;0;0;0;0;0;0;0;0;0;0;0;0;0;;2865;5766;2895;2880;2877;0;0;0;0;0;0;0;0;0;0;0;;0;0;0;0;0;0;0;0;0;0;0;0;0;0;0;0;;0;0;0;0;0;0;0;0;0;0;0;0;0;0;0;0;;0;0;0;0;0;0;0;0;0;0;0;0;0;0;0;0;;0;0;0;0;0;0;0;0;0;0;0;0;0;0;0;0;0;0;0;0;0;;0;0;0;0;0;0;;0;0;0;0;0;0;;0;0;0;0;0;0;;1;0;0;0;0;0;;
589;1;2024-07-09 10:37:24Z;6;122;30;30;1320;5;0;0;0;0;0;0;34626;;2889;2889;5757;5757;2877;2877;2895;2895;2895;2895;0;0;0;0;0;0;0;0;0;0;0;0;0;0;0;0;0;0;0;0;0;0;;222;317;80;82;0;0;0;0;0;0;0;0;0;0;0;;0;0;0;0;0;0;0;0;0;0;0;0;0;0;0;0;;2889;5757;2877;2895;2895;0;0;0;0;0;0;0;0;0;0;0;;0;0;0;0;0;0;0;0;0;0;0;0;0;0;0;0;;0;0;0;0;0;0;0;0;0;0;0;0;0;0;0;0;;0;0;0;0;0;0;0;0;0;0;0;0;0;0;0;0;;0;0;0;0;0;0;0;0;0;0;0;0;0;0;0;0;0;0;0;0;0;;0;0;0;0;0;0;;0;0;0;0;0;0;;0;0;0;0;0;0;;1;0;0;0;0;0;;
590;1;2024-07-09 10:37:28Z;6;122;30;30;1320;5;0;0;0;0;0;0;34446;;2877;2877;5739;5739;2859;2859;2871;2871;2877;2877;0;0;0;0;0;0;0;0;0;0;0;0;0;0;0;0;0;0;0;0;0;0;;222;317;80;82;0;0;0;0;0;0;0;0;0;0;0;;0;0;0;0;0;0;0;0;0;0;0;0;0;0;0;0;;2877;5739;2859;2871;2877;0;0;0;0;0;0;0;0;0;0;0;;0;0;0;0;0;0;0;0;0;0;0;0;0;0;0;0;;0;0;0;0;0;0;0;0;0;0;0;0;0;0;0;0;;0;0;0;0;0;0;0;0;0;0;0;0;0;0;0;0;;0;0;0;0;0;0;0;0;0;0;0;0;0;0;0;0;0;0;0;0;0;;0;0;0;0;0;0;;0;0;0;0;0;0;;0;0;0;0;0;0;;1;0;0;0;0;0;;
591;1;2024-07-09 10:37:32Z;6;122;30;30;1320;5;0;0;0;0;0;0;34422;;2868;2868;5745;5745;2877;2877;2859;2859;2862;2862;0;0;0;0;0;0;0;0;0;0;0;0;0;0;0;0;0;0;0;0;0;0;;222;317;80;82;0;0;0;0;0;0;0;0;0;0;0;;0;0;0;0;0;0;0;0;0;0;0;0;0;0;0;0;;2868;5745;2877;2859;2862;0;0;0;0;0;0;0;0;0;0;0;;0;0;0;0;0;0;0;0;0;0;0;0;0;0;0;0;;0;0;0;0;0;0;0;0;0;0;0;0;0;0;0;0;;0;0;0;0;0;0;0;0;0;0;0;0;0;0;0;0;;0;0;0;0;0;0;0;0;0;0;0;0;0;0;0;0;0;0;0;0;0;;0;0;0;0;0;0;;0;0;0;0;0;0;;0;0;0;0;0;0;;1;0;0;0;0;0;;
592;1;2024-07-09 10:37:36Z;6;122;30;30;1320;5;0;0;0;0;0;0;34566;;2865;2865;5766;5766;2895;2895;2880;2880;2877;2877;0;0;0;0;0;0;0;0;0;0;0;0;0;0;0;0;0;0;0;0;0;0;;222;317;80;82;0;0;0;0;0;0;0;0;0;0;0;;0;0;0;0;0;0;0;0;0;0;0;0;0;0;0;0;;2865;5766;2895;2880;2877;0;0;0;0;0;0;0;0;0;0;0;;0;0;0;0;0;0;0;0;0;0;0;0;0;0;0;0;;0;0;0;0;0;0;0;0;0;0;0;0;0;0;0;0;;0;0;0;0;0;0;0;0;0;0;0;0;0;0;0;0;;0;0;0;0;0;0;0;0;0;0;0;0;0;0;0;0;0;0;0;0;0;;0;0;0;0;0;0;;0;0;0;0;0;0;;0;0;0;0;0;0;;1;0;0;0;0;0;;
593;1;2024-07-09 10:37:40Z;6;122;30;30;1340;5;0;0;0;0;0;0;34626;;2886;2886;5757;5757;2880;2880;2895;2895;2895;2895;0;0;0;0;0;0;0;0;0;0;0;0;0;0;0;0;0;0;0;0;0;0;;222;317;80;82;0;0;0;0;0;0;0;0;0;0;0;;0;0;0;0;0;0;0;0;0;0;0;0;0;0;0;0;;2886;5757;2880;2895;2895;0;0;0;0;0;0;0;0;0;0;0;;0;0;0;0;0;0;0;0;0;0;0;0;0;0;0;0;;0;0;0;0;0;0;0;0;0;0;0;0;0;0;0;0;;0;0;0;0;0;0;0;0;0;0;0;0;0;0;0;0;;0;0;0;0;0;0;0;0;0;0;0;0;0;0;0;0;0;0;0;0;0;;0;0;0;0;0;0;;0;0;0;0;0;0;;0;0;0;0;0;0;;1;0;0;0;0;0;;
594;1;2024-07-09 10:37:44Z;6;122;30;30;1340;5;0;0;0;0;0;0;34464;;2886;2886;5736;5736;2859;2859;2874;2874;2877;2877;0;0;0;0;0;0;0;0;0;0;0;0;0;0;0;0;0;0;0;0;0;0;;222;317;80;82;0;0;0;0;0;0;0;0;0;0;0;;0;0;0;0;0;0;0;0;0;0;0;0;0;0;0;0;;2886;5736;2859;2874;2877;0;0;0;0;0;0;0;0;0;0;0;;0;0;0;0;0;0;0;0;0;0;0;0;0;0;0;0;;0;0;0;0;0;0;0;0;0;0;0;0;0;0;0;0;;0;0;0;0;0;0;0;0;0;0;0;0;0;0;0;0;;0;0;0;0;0;0;0;0;0;0;0;0;0;0;0;0;0;0;0;0;0;;0;0;0;0;0;0;;0;0;0;0;0;0;;0;0;0;0;0;0;;1;0;0;0;0;0;;
595;1;2024-07-09 10:37:48Z;6;122;30;30;1320;5;0;0;0;0;0;0;34458;;2865;2865;5754;5754;2883;2883;2865;2865;2862;2862;0;0;0;0;0;0;0;0;0;0;0;0;0;0;0;0;0;0;0;0;0;0;;222;317;80;82;0;0;0;0;0;0;0;0;0;0;0;;0;0;0;0;0;0;0;0;0;0;0;0;0;0;0;0;;2865;5754;2883;2865;2862;0;0;0;0;0;0;0;0;0;0;0;;0;0;0;0;0;0;0;0;0;0;0;0;0;0;0;0;;0;0;0;0;0;0;0;0;0;0;0;0;0;0;0;0;;0;0;0;0;0;0;0;0;0;0;0;0;0;0;0;0;;0;0;0;0;0;0;0;0;0;0;0;0;0;0;0;0;0;0;0;0;0;;0;0;0;0;0;0;;0;0;0;0;0;0;;0;0;0;0;0;0;;1;0;0;0;0;0;;
596;1;2024-07-09 10:37:52Z;6;122;30;30;1320;5;0;0;0;0;0;0;34590;;2871;2871;5754;5754;2892;2892;2889;2889;2889;2889;0;0;0;0;0;0;0;0;0;0;0;0;0;0;0;0;0;0;0;0;0;0;;222;317;80;82;0;0;0;0;0;0;0;0;0;0;0;;0;0;0;0;0;0;0;0;0;0;0;0;0;0;0;0;;2871;5754;2892;2889;2889;0;0;0;0;0;0;0;0;0;0;0;;0;0;0;0;0;0;0;0;0;0;0;0;0;0;0;0;;0;0;0;0;0;0;0;0;0;0;0;0;0;0;0;0;;0;0;0;0;0;0;0;0;0;0;0;0;0;0;0;0;;0;0;0;0;0;0;0;0;0;0;0;0;0;0;0;0;0;0;0;0;0;;0;0;0;0;0;0;;0;0;0;0;0;0;;0;0;0;0;0;0;;1;0;0;0;0;0;;
597;1;2024-07-09 10:37:56Z;6;122;30;30;1330;5;0;0;0;0;0;0;34584;;2892;2892;5748;5748;2871;2871;2889;2889;2892;2892;0;0;0;0;0;0;0;0;0;0;0;0;0;0;0;0;0;0;0;0;0;0;;222;317;80;82;0;0;0;0;0;0;0;0;0;0;0;;0;0;0;0;0;0;0;0;0;0;0;0;0;0;0;0;;2892;5748;2871;2889;2892;0;0;0;0;0;0;0;0;0;0;0;;0;0;0;0;0;0;0;0;0;0;0;0;0;0;0;0;;0;0;0;0;0;0;0;0;0;0;0;0;0;0;0;0;;0;0;0;0;0;0;0;0;0;0;0;0;0;0;0;0;;0;0;0;0;0;0;0;0;0;0;0;0;0;0;0;0;0;0;0;0;0;;0;0;0;0;0;0;;0;0;0;0;0;0;;0;0;0;0;0;0;;1;0;0;0;0;0;;
598;1;2024-07-09 10:38:00Z;6;122;30;30;1330;5;0;0;0;0;0;0;34422;;2880;2880;5739;5739;2865;2865;2862;2862;2865;2865;0;0;0;0;0;0;0;0;0;0;0;0;0;0;0;0;0;0;0;0;0;0;;222;317;80;82;0;0;0;0;0;0;0;0;0;0;0;;0;0;0;0;0;0;0;0;0;0;0;0;0;0;0;0;;2880;5739;2865;2862;2865;0;0;0;0;0;0;0;0;0;0;0;;0;0;0;0;0;0;0;0;0;0;0;0;0;0;0;0;;0;0;0;0;0;0;0;0;0;0;0;0;0;0;0;0;;0;0;0;0;0;0;0;0;0;0;0;0;0;0;0;0;;0;0;0;0;0;0;0;0;0;0;0;0;0;0;0;0;0;0;0;0;0;;0;0;0;0;0;0;;0;0;0;0;0;0;;0;0;0;0;0;0;;1;0;0;0;0;0;;
599;1;2024-07-09 10:38:04Z;6;122;30;30;1320;5;0;0;0;0;0;0;34530;;2862;2862;5766;5766;2892;2892;2874;2874;2871;2871;0;0;0;0;0;0;0;0;0;0;0;0;0;0;0;0;0;0;0;0;0;0;;222;317;80;82;0;0;0;0;0;0;0;0;0;0;0;;0;0;0;0;0;0;0;0;0;0;0;0;0;0;0;0;;2862;5766;2892;2874;2871;0;0;0;0;0;0;0;0;0;0;0;;0;0;0;0;0;0;0;0;0;0;0;0;0;0;0;0;;0;0;0;0;0;0;0;0;0;0;0;0;0;0;0;0;;0;0;0;0;0;0;0;0;0;0;0;0;0;0;0;0;;0;0;0;0;0;0;0;0;0;0;0;0;0;0;0;0;0;0;0;0;0;;0;0;0;0;0;0;;0;0;0;0;0;0;;0;0;0;0;0;0;;1;0;0;0;0;0;;
600;1;2024-07-09 10:38:08Z;6;122;30;30;1320;5;0;0;0;0;0;0;34614;;2889;2889;5757;5757;2877;2877;2889;2889;2895;2895;0;0;0;0;0;0;0;0;0;0;0;0;0;0;0;0;0;0;0;0;0;0;;222;317;80;82;0;0;0;0;0;0;0;0;0;0;0;;0;0;0;0;0;0;0;0;0;0;0;0;0;0;0;0;;2889;5757;2877;2889;2895;0;0;0;0;0;0;0;0;0;0;0;;0;0;0;0;0;0;0;0;0;0;0;0;0;0;0;0;;0;0;0;0;0;0;0;0;0;0;0;0;0;0;0;0;;0;0;0;0;0;0;0;0;0;0;0;0;0;0;0;0;;0;0;0;0;0;0;0;0;0;0;0;0;0;0;0;0;0;0;0;0;0;;0;0;0;0;0;0;;0;0;0;0;0;0;;0;0;0;0;0;0;;1;0;0;0;0;0;;
601;1;2024-07-09 10:38:12Z;6;122;30;30;1320;5;0;0;0;0;0;0;34404;;2883;2883;5736;5736;2850;2850;2865;2865;2868;2868;0;0;0;0;0;0;0;0;0;0;0;0;0;0;0;0;0;0;0;0;0;0;;222;317;80;82;0;0;0;0;0;0;0;0;0;0;0;;0;0;0;0;0;0;0;0;0;0;0;0;0;0;0;0;;2883;5736;2850;2865;2868;0;0;0;0;0;0;0;0;0;0;0;;0;0;0;0;0;0;0;0;0;0;0;0;0;0;0;0;;0;0;0;0;0;0;0;0;0;0;0;0;0;0;0;0;;0;0;0;0;0;0;0;0;0;0;0;0;0;0;0;0;;0;0;0;0;0;0;0;0;0;0;0;0;0;0;0;0;0;0;0;0;0;;0;0;0;0;0;0;;0;0;0;0;0;0;;0;0;0;0;0;0;;1;0;0;0;0;0;;
602;1;2024-07-09 10:38:16Z;6;122;30;30;1320;5;0;0;0;0;0;0;34518;;2862;2862;5766;5766;2892;2892;2877;2877;2862;2862;0;0;0;0;0;0;0;0;0;0;0;0;0;0;0;0;0;0;0;0;0;0;;222;317;80;82;0;0;0;0;0;0;0;0;0;0;0;;0;0;0;0;0;0;0;0;0;0;0;0;0;0;0;0;;2862;5766;2892;2877;2862;0;0;0;0;0;0;0;0;0;0;0;;0;0;0;0;0;0;0;0;0;0;0;0;0;0;0;0;;0;0;0;0;0;0;0;0;0;0;0;0;0;0;0;0;;0;0;0;0;0;0;0;0;0;0;0;0;0;0;0;0;;0;0;0;0;0;0;0;0;0;0;0;0;0;0;0;0;0;0;0;0;0;;0;0;0;0;0;0;;0;0;0;0;0;0;;0;0;0;0;0;0;;1;0;0;0;0;0;;
603;1;2024-07-09 10:38:20Z;6;122;30;30;1320;5;0;0;0;0;0;0;34614;;2889;2889;5754;5754;2877;2877;2892;2892;2895;2895;0;0;0;0;0;0;0;0;0;0;0;0;0;0;0;0;0;0;0;0;0;0;;222;317;80;82;0;0;0;0;0;0;0;0;0;0;0;;0;0;0;0;0;0;0;0;0;0;0;0;0;0;0;0;;2889;5754;2877;2892;2895;0;0;0;0;0;0;0;0;0;0;0;;0;0;0;0;0;0;0;0;0;0;0;0;0;0;0;0;;0;0;0;0;0;0;0;0;0;0;0;0;0;0;0;0;;0;0;0;0;0;0;0;0;0;0;0;0;0;0;0;0;;0;0;0;0;0;0;0;0;0;0;0;0;0;0;0;0;0;0;0;0;0;;0;0;0;0;0;0;;0;0;0;0;0;0;;0;0;0;0;0;0;;1;0;0;0;0;0;;
604;1;2024-07-09 10:38:24Z;6;122;30;30;1330;5;0;0;0;0;0;0;34428;;2880;2880;5739;5739;2862;2862;2865;2865;2868;2868;0;0;0;0;0;0;0;0;0;0;0;0;0;0;0;0;0;0;0;0;0;0;;222;317;80;82;0;0;0;0;0;0;0;0;0;0;0;;0;0;0;0;0;0;0;0;0;0;0;0;0;0;0;0;;2880;5739;2862;2865;2868;0;0;0;0;0;0;0;0;0;0;0;;0;0;0;0;0;0;0;0;0;0;0;0;0;0;0;0;;0;0;0;0;0;0;0;0;0;0;0;0;0;0;0;0;;0;0;0;0;0;0;0;0;0;0;0;0;0;0;0;0;;0;0;0;0;0;0;0;0;0;0;0;0;0;0;0;0;0;0;0;0;0;;0;0;0;0;0;0;;0;0;0;0;0;0;;0;0;0;0;0;0;;1;0;0;0;0;0;;
605;1;2024-07-09 10:38:28Z;6;122;30;30;1340;5;0;0;0;0;0;0;34494;;2862;2862;5760;5760;2892;2892;2868;2868;2865;2865;0;0;0;0;0;0;0;0;0;0;0;0;0;0;0;0;0;0;0;0;0;0;;222;317;80;82;0;0;0;0;0;0;0;0;0;0;0;;0;0;0;0;0;0;0;0;0;0;0;0;0;0;0;0;;2862;5760;2892;2868;2865;0;0;0;0;0;0;0;0;0;0;0;;0;0;0;0;0;0;0;0;0;0;0;0;0;0;0;0;;0;0;0;0;0;0;0;0;0;0;0;0;0;0;0;0;;0;0;0;0;0;0;0;0;0;0;0;0;0;0;0;0;;0;0;0;0;0;0;0;0;0;0;0;0;0;0;0;0;0;0;0;0;0;;0;0;0;0;0;0;;0;0;0;0;0;0;;0;0;0;0;0;0;;1;0;0;0;0;0;;
606;1;2024-07-09 10:38:32Z;6;122;30;30;1320;5;0;0;0;0;0;0;34638;;2880;2880;5766;5766;2886;2886;2895;2895;2892;2892;0;0;0;0;0;0;0;0;0;0;0;0;0;0;0;0;0;0;0;0;0;0;;222;317;80;82;0;0;0;0;0;0;0;0;0;0;0;;0;0;0;0;0;0;0;0;0;0;0;0;0;0;0;0;;2880;5766;2886;2895;2892;0;0;0;0;0;0;0;0;0;0;0;;0;0;0;0;0;0;0;0;0;0;0;0;0;0;0;0;;0;0;0;0;0;0;0;0;0;0;0;0;0;0;0;0;;0;0;0;0;0;0;0;0;0;0;0;0;0;0;0;0;;0;0;0;0;0;0;0;0;0;0;0;0;0;0;0;0;0;0;0;0;0;;0;0;0;0;0;0;;0;0;0;0;0;0;;0;0;0;0;0;0;;1;0;0;0;0;0;;
607;1;2024-07-09 10:38:36Z;6;122;30;30;1330;5;0;0;0;0;0;0;34500;;2892;2892;5736;5736;2862;2862;2880;2880;2880;2880;0;0;0;0;0;0;0;0;0;0;0;0;0;0;0;0;0;0;0;0;0;0;;222;317;80;82;0;0;0;0;0;0;0;0;0;0;0;;0;0;0;0;0;0;0;0;0;0;0;0;0;0;0;0;;2892;5736;2862;2880;2880;0;0;0;0;0;0;0;0;0;0;0;;0;0;0;0;0;0;0;0;0;0;0;0;0;0;0;0;;0;0;0;0;0;0;0;0;0;0;0;0;0;0;0;0;;0;0;0;0;0;0;0;0;0;0;0;0;0;0;0;0;;0;0;0;0;0;0;0;0;0;0;0;0;0;0;0;0;0;0;0;0;0;;0;0;0;0;0;0;;0;0;0;0;0;0;;0;0;0;0;0;0;;1;0;0;0;0;0;;
608;1;2024-07-09 10:38:40Z;6;122;30;30;1320;5;0;0;0;0;0;0;34428;;2871;2871;5748;5748;2877;2877;2859;2859;2859;2859;0;0;0;0;0;0;0;0;0;0;0;0;0;0;0;0;0;0;0;0;0;0;;222;317;80;82;0;0;0;0;0;0;0;0;0;0;0;;0;0;0;0;0;0;0;0;0;0;0;0;0;0;0;0;;2871;5748;2877;2859;2859;0;0;0;0;0;0;0;0;0;0;0;;0;0;0;0;0;0;0;0;0;0;0;0;0;0;0;0;;0;0;0;0;0;0;0;0;0;0;0;0;0;0;0;0;;0;0;0;0;0;0;0;0;0;0;0;0;0;0;0;0;;0;0;0;0;0;0;0;0;0;0;0;0;0;0;0;0;0;0;0;0;0;;0;0;0;0;0;0;;0;0;0;0;0;0;;0;0;0;0;0;0;;1;0;0;0;0;0;;
609;1;2024-07-09 10:38:44Z;6;122;30;30;1320;5;0;0;0;0;0;0;34596;;2868;2868;5766;5766;2892;2892;2889;2889;2883;2883;0;0;0;0;0;0;0;0;0;0;0;0;0;0;0;0;0;0;0;0;0;0;;222;317;80;82;0;0;0;0;0;0;0;0;0;0;0;;0;0;0;0;0;0;0;0;0;0;0;0;0;0;0;0;;2868;5766;2892;2889;2883;0;0;0;0;0;0;0;0;0;0;0;;0;0;0;0;0;0;0;0;0;0;0;0;0;0;0;0;;0;0;0;0;0;0;0;0;0;0;0;0;0;0;0;0;;0;0;0;0;0;0;0;0;0;0;0;0;0;0;0;0;;0;0;0;0;0;0;0;0;0;0;0;0;0;0;0;0;0;0;0;0;0;;0;0;0;0;0;0;;0;0;0;0;0;0;;0;0;0;0;0;0;;1;0;0;0;0;0;;
610;1;2024-07-09 10:38:48Z;6;122;30;30;1320;5;0;0;0;0;0;0;34560;;2880;2880;5748;5748;2871;2871;2889;2889;2892;2892;0;0;0;0;0;0;0;0;0;0;0;0;0;0;0;0;0;0;0;0;0;0;;222;317;80;82;0;0;0;0;0;0;0;0;0;0;0;;0;0;0;0;0;0;0;0;0;0;0;0;0;0;0;0;;2880;5748;2871;2889;2892;0;0;0;0;0;0;0;0;0;0;0;;0;0;0;0;0;0;0;0;0;0;0;0;0;0;0;0;;0;0;0;0;0;0;0;0;0;0;0;0;0;0;0;0;;0;0;0;0;0;0;0;0;0;0;0;0;0;0;0;0;;0;0;0;0;0;0;0;0;0;0;0;0;0;0;0;0;0;0;0;0;0;;0;0;0;0;0;0;;0;0;0;0;0;0;;0;0;0;0;0;0;;1;0;0;0;0;0;;
611;1;2024-07-09 10:38:52Z;6;122;30;30;1340;5;0;0;0;0;0;0;34416;;2880;2880;5736;5736;2865;2865;2862;2862;2865;2865;0;0;0;0;0;0;0;0;0;0;0;0;0;0;0;0;0;0;0;0;0;0;;222;317;80;82;0;0;0;0;0;0;0;0;0;0;0;;0;0;0;0;0;0;0;0;0;0;0;0;0;0;0;0;;2880;5736;2865;2862;2865;0;0;0;0;0;0;0;0;0;0;0;;0;0;0;0;0;0;0;0;0;0;0;0;0;0;0;0;;0;0;0;0;0;0;0;0;0;0;0;0;0;0;0;0;;0;0;0;0;0;0;0;0;0;0;0;0;0;0;0;0;;0;0;0;0;0;0;0;0;0;0;0;0;0;0;0;0;0;0;0;0;0;;0;0;0;0;0;0;;0;0;0;0;0;0;;0;0;0;0;0;0;;1;0;0;0;0;0;;
612;1;2024-07-09 10:38:56Z;6;122;30;30;1340;5;0;0;0;0;0;0;34554;;2862;2862;5766;5766;2895;2895;2880;2880;2874;2874;0;0;0;0;0;0;0;0;0;0;0;0;0;0;0;0;0;0;0;0;0;0;;222;317;80;82;0;0;0;0;0;0;0;0;0;0;0;;0;0;0;0;0;0;0;0;0;0;0;0;0;0;0;0;;2862;5766;2895;2880;2874;0;0;0;0;0;0;0;0;0;0;0;;0;0;0;0;0;0;0;0;0;0;0;0;0;0;0;0;;0;0;0;0;0;0;0;0;0;0;0;0;0;0;0;0;;0;0;0;0;0;0;0;0;0;0;0;0;0;0;0;0;;0;0;0;0;0;0;0;0;0;0;0;0;0;0;0;0;0;0;0;0;0;;0;0;0;0;0;0;;0;0;0;0;0;0;;0;0;0;0;0;0;;1;0;0;0;0;0;;
613;1;2024-07-09 10:39:00Z;6;122;30;30;1330;5;0;0;0;0;0;0;34602;;2892;2892;5751;5751;2874;2874;2889;2889;2895;2895;0;0;0;0;0;0;0;0;0;0;0;0;0;0;0;0;0;0;0;0;0;0;;221;317;80;82;0;0;0;0;0;0;0;0;0;0;0;;0;0;0;0;0;0;0;0;0;0;0;0;0;0;0;0;;2892;5751;2874;2889;2895;0;0;0;0;0;0;0;0;0;0;0;;0;0;0;0;0;0;0;0;0;0;0;0;0;0;0;0;;0;0;0;0;0;0;0;0;0;0;0;0;0;0;0;0;;0;0;0;0;0;0;0;0;0;0;0;0;0;0;0;0;;0;0;0;0;0;0;0;0;0;0;0;0;0;0;0;0;0;0;0;0;0;;0;0;0;0;0;0;;0;0;0;0;0;0;;0;0;0;0;0;0;;1;0;0;0;0;0;;
614;1;2024-07-09 10:39:04Z;6;122;30;30;1320;5;0;0;0;0;0;0;34416;;2877;2877;5736;5736;2865;2865;2862;2862;2868;2868;0;0;0;0;0;0;0;0;0;0;0;0;0;0;0;0;0;0;0;0;0;0;;222;317;80;82;0;0;0;0;0;0;0;0;0;0;0;;0;0;0;0;0;0;0;0;0;0;0;0;0;0;0;0;;2877;5736;2865;2862;2868;0;0;0;0;0;0;0;0;0;0;0;;0;0;0;0;0;0;0;0;0;0;0;0;0;0;0;0;;0;0;0;0;0;0;0;0;0;0;0;0;0;0;0;0;;0;0;0;0;0;0;0;0;0;0;0;0;0;0;0;0;;0;0;0;0;0;0;0;0;0;0;0;0;0;0;0;0;0;0;0;0;0;;0;0;0;0;0;0;;0;0;0;0;0;0;;0;0;0;0;0;0;;1;0;0;0;0;0;;
615;1;2024-07-09 10:39:08Z;6;122;30;30;1330;5;0;0;0;0;0;0;34524;;2862;2862;5766;5766;2892;2892;2874;2874;2868;2868;0;0;0;0;0;0;0;0;0;0;0;0;0;0;0;0;0;0;0;0;0;0;;222;317;80;82;0;0;0;0;0;0;0;0;0;0;0;;0;0;0;0;0;0;0;0;0;0;0;0;0;0;0;0;;2862;5766;2892;2874;2868;0;0;0;0;0;0;0;0;0;0;0;;0;0;0;0;0;0;0;0;0;0;0;0;0;0;0;0;;0;0;0;0;0;0;0;0;0;0;0;0;0;0;0;0;;0;0;0;0;0;0;0;0;0;0;0;0;0;0;0;0;;0;0;0;0;0;0;0;0;0;0;0;0;0;0;0;0;0;0;0;0;0;;0;0;0;0;0;0;;0;0;0;0;0;0;;0;0;0;0;0;0;;1;0;0;0;0;0;;
616;1;2024-07-09 10:39:12Z;6;122;30;30;1330;5;0;0;0;0;0;0;34632;;2883;2883;5757;5757;2883;2883;2898;2898;2895;2895;0;0;0;0;0;0;0;0;0;0;0;0;0;0;0;0;0;0;0;0;0;0;;222;317;80;82;0;0;0;0;0;0;0;0;0;0;0;;0;0;0;0;0;0;0;0;0;0;0;0;0;0;0;0;;2883;5757;2883;2898;2895;0;0;0;0;0;0;0;0;0;0;0;;0;0;0;0;0;0;0;0;0;0;0;0;0;0;0;0;;0;0;0;0;0;0;0;0;0;0;0;0;0;0;0;0;;0;0;0;0;0;0;0;0;0;0;0;0;0;0;0;0;;0;0;0;0;0;0;0;0;0;0;0;0;0;0;0;0;0;0;0;0;0;;0;0;0;0;0;0;;0;0;0;0;0;0;;0;0;0;0;0;0;;1;0;0;0;0;0;;
617;1;2024-07-09 10:39:16Z;6;122;30;30;1320;5;0;0;0;0;0;0;34476;;2889;2889;5736;5736;2862;2862;2874;2874;2877;2877;0;0;0;0;0;0;0;0;0;0;0;0;0;0;0;0;0;0;0;0;0;0;;222;317;80;82;0;0;0;0;0;0;0;0;0;0;0;;0;0;0;0;0;0;0;0;0;0;0;0;0;0;0;0;;2889;5736;2862;2874;2877;0;0;0;0;0;0;0;0;0;0;0;;0;0;0;0;0;0;0;0;0;0;0;0;0;0;0;0;;0;0;0;0;0;0;0;0;0;0;0;0;0;0;0;0;;0;0;0;0;0;0;0;0;0;0;0;0;0;0;0;0;;0;0;0;0;0;0;0;0;0;0;0;0;0;0;0;0;0;0;0;0;0;;0;0;0;0;0;0;;0;0;0;0;0;0;;0;0;0;0;0;0;;1;0;0;0;0;0;;
618;1;2024-07-09 10:39:20Z;6;122;30;30;1320;5;0;0;0;0;0;0;34464;;2865;2865;5754;5754;2886;2886;2865;2865;2862;2862;0;0;0;0;0;0;0;0;0;0;0;0;0;0;0;0;0;0;0;0;0;0;;222;317;80;82;0;0;0;0;0;0;0;0;0;0;0;;0;0;0;0;0;0;0;0;0;0;0;0;0;0;0;0;;2865;5754;2886;2865;2862;0;0;0;0;0;0;0;0;0;0;0;;0;0;0;0;0;0;0;0;0;0;0;0;0;0;0;0;;0;0;0;0;0;0;0;0;0;0;0;0;0;0;0;0;;0;0;0;0;0;0;0;0;0;0;0;0;0;0;0;0;;0;0;0;0;0;0;0;0;0;0;0;0;0;0;0;0;0;0;0;0;0;;0;0;0;0;0;0;;0;0;0;0;0;0;;0;0;0;0;0;0;;1;0;0;0;0;0;;
619;1;2024-07-09 10:39:24Z;6;122;30;30;1320;5;0;0;0;0;0;0;34620;;2877;2877;5760;5760;2886;2886;2895;2895;2892;2892;0;0;0;0;0;0;0;0;0;0;0;0;0;0;0;0;0;0;0;0;0;0;;222;317;80;82;0;0;0;0;0;0;0;0;0;0;0;;0;0;0;0;0;0;0;0;0;0;0;0;0;0;0;0;;2877;5760;2886;2895;2892;0;0;0;0;0;0;0;0;0;0;0;;0;0;0;0;0;0;0;0;0;0;0;0;0;0;0;0;;0;0;0;0;0;0;0;0;0;0;0;0;0;0;0;0;;0;0;0;0;0;0;0;0;0;0;0;0;0;0;0;0;;0;0;0;0;0;0;0;0;0;0;0;0;0;0;0;0;0;0;0;0;0;;0;0;0;0;0;0;;0;0;0;0;0;0;;0;0;0;0;0;0;;1;0;0;0;0;0;;
620;1;2024-07-09 10:39:28Z;6;122;30;30;1320;5;0;0;0;0;0;0;34500;;2892;2892;5739;5739;2859;2859;2877;2877;2883;2883;0;0;0;0;0;0;0;0;0;0;0;0;0;0;0;0;0;0;0;0;0;0;;222;317;80;82;0;0;0;0;0;0;0;0;0;0;0;;0;0;0;0;0;0;0;0;0;0;0;0;0;0;0;0;;2892;5739;2859;2877;2883;0;0;0;0;0;0;0;0;0;0;0;;0;0;0;0;0;0;0;0;0;0;0;0;0;0;0;0;;0;0;0;0;0;0;0;0;0;0;0;0;0;0;0;0;;0;0;0;0;0;0;0;0;0;0;0;0;0;0;0;0;;0;0;0;0;0;0;0;0;0;0;0;0;0;0;0;0;0;0;0;0;0;;0;0;0;0;0;0;;0;0;0;0;0;0;;0;0;0;0;0;0;;1;0;0;0;0;0;;
621;1;2024-07-09 10:39:32Z;6;122;30;30;1330;5;0;0;0;0;0;0;34416;;2868;2868;5748;5748;2865;2865;2865;2865;2862;2862;0;0;0;0;0;0;0;0;0;0;0;0;0;0;0;0;0;0;0;0;0;0;;222;317;80;82;0;0;0;0;0;0;0;0;0;0;0;;0;0;0;0;0;0;0;0;0;0;0;0;0;0;0;0;;2868;5748;2865;2865;2862;0;0;0;0;0;0;0;0;0;0;0;;0;0;0;0;0;0;0;0;0;0;0;0;0;0;0;0;;0;0;0;0;0;0;0;0;0;0;0;0;0;0;0;0;;0;0;0;0;0;0;0;0;0;0;0;0;0;0;0;0;;0;0;0;0;0;0;0;0;0;0;0;0;0;0;0;0;0;0;0;0;0;;0;0;0;0;0;0;;0;0;0;0;0;0;;0;0;0;0;0;0;;1;0;0;0;0;0;;
622;1;2024-07-09 10:39:36Z;6;122;30;30;1340;5;0;0;0;0;0;0;34608;;2871;2871;5772;5772;2895;2895;2892;2892;2874;2874;0;0;0;0;0;0;0;0;0;0;0;0;0;0;0;0;0;0;0;0;0;0;;222;317;80;82;0;0;0;0;0;0;0;0;0;0;0;;0;0;0;0;0;0;0;0;0;0;0;0;0;0;0;0;;2871;5772;2895;2892;2874;0;0;0;0;0;0;0;0;0;0;0;;0;0;0;0;0;0;0;0;0;0;0;0;0;0;0;0;;0;0;0;0;0;0;0;0;0;0;0;0;0;0;0;0;;0;0;0;0;0;0;0;0;0;0;0;0;0;0;0;0;;0;0;0;0;0;0;0;0;0;0;0;0;0;0;0;0;0;0;0;0;0;;0;0;0;0;0;0;;0;0;0;0;0;0;;0;0;0;0;0;0;;1;0;0;0;0;0;;
623;1;2024-07-09 10:39:40Z;6;122;30;30;1340;5;0;0;0;0;0;0;34542;;2892;2892;5748;5748;2868;2868;2874;2874;2889;2889;0;0;0;0;0;0;0;0;0;0;0;0;0;0;0;0;0;0;0;0;0;0;;222;317;80;82;0;0;0;0;0;0;0;0;0;0;0;;0;0;0;0;0;0;0;0;0;0;0;0;0;0;0;0;;2892;5748;2868;2874;2889;0;0;0;0;0;0;0;0;0;0;0;;0;0;0;0;0;0;0;0;0;0;0;0;0;0;0;0;;0;0;0;0;0;0;0;0;0;0;0;0;0;0;0;0;;0;0;0;0;0;0;0;0;0;0;0;0;0;0;0;0;;0;0;0;0;0;0;0;0;0;0;0;0;0;0;0;0;0;0;0;0;0;;0;0;0;0;0;0;;0;0;0;0;0;0;;0;0;0;0;0;0;;1;0;0;0;0;0;;
624;1;2024-07-09 10:39:44Z;6;122;30;30;1330;5;0;0;0;0;0;0;34410;;2874;2874;5742;5742;2868;2868;2859;2859;2862;2862;0;0;0;0;0;0;0;0;0;0;0;0;0;0;0;0;0;0;0;0;0;0;;222;317;79;82;0;0;0;0;0;0;0;0;0;0;0;;0;0;0;0;0;0;0;0;0;0;0;0;0;0;0;0;;2874;5742;2868;2859;2862;0;0;0;0;0;0;0;0;0;0;0;;0;0;0;0;0;0;0;0;0;0;0;0;0;0;0;0;;0;0;0;0;0;0;0;0;0;0;0;0;0;0;0;0;;0;0;0;0;0;0;0;0;0;0;0;0;0;0;0;0;;0;0;0;0;0;0;0;0;0;0;0;0;0;0;0;0;0;0;0;0;0;;0;0;0;0;0;0;;0;0;0;0;0;0;;0;0;0;0;0;0;;1;0;0;0;0;0;;
625;1;2024-07-09 10:39:48Z;6;122;30;30;1320;5;0;0;0;0;0;0;34590;;2868;2868;5769;5769;2895;2895;2883;2883;2880;2880;0;0;0;0;0;0;0;0;0;0;0;0;0;0;0;0;0;0;0;0;0;0;;222;317;80;82;0;0;0;0;0;0;0;0;0;0;0;;0;0;0;0;0;0;0;0;0;0;0;0;0;0;0;0;;2868;5769;2895;2883;2880;0;0;0;0;0;0;0;0;0;0;0;;0;0;0;0;0;0;0;0;0;0;0;0;0;0;0;0;;0;0;0;0;0;0;0;0;0;0;0;0;0;0;0;0;;0;0;0;0;0;0;0;0;0;0;0;0;0;0;0;0;;0;0;0;0;0;0;0;0;0;0;0;0;0;0;0;0;0;0;0;0;0;;0;0;0;0;0;0;;0;0;0;0;0;0;;0;0;0;0;0;0;;1;0;0;0;0;0;;
626;1;2024-07-09 10:39:52Z;6;122;30;30;1320;5;0;0;0;0;0;0;34578;;2892;2892;5748;5748;2874;2874;2886;2886;2889;2889;0;0;0;0;0;0;0;0;0;0;0;0;0;0;0;0;0;0;0;0;0;0;;222;317;80;82;0;0;0;0;0;0;0;0;0;0;0;;0;0;0;0;0;0;0;0;0;0;0;0;0;0;0;0;;2892;5748;2874;2886;2889;0;0;0;0;0;0;0;0;0;0;0;;0;0;0;0;0;0;0;0;0;0;0;0;0;0;0;0;;0;0;0;0;0;0;0;0;0;0;0;0;0;0;0;0;;0;0;0;0;0;0;0;0;0;0;0;0;0;0;0;0;;0;0;0;0;0;0;0;0;0;0;0;0;0;0;0;0;0;0;0;0;0;;0;0;0;0;0;0;;0;0;0;0;0;0;;0;0;0;0;0;0;;1;0;0;0;0;0;;
627;1;2024-07-09 10:39:56Z;6;122;30;30;1320;5;0;0;0;0;0;0;34422;;2880;2880;5739;5739;2865;2865;2862;2862;2865;2865;0;0;0;0;0;0;0;0;0;0;0;0;0;0;0;0;0;0;0;0;0;0;;222;317;80;82;0;0;0;0;0;0;0;0;0;0;0;;0;0;0;0;0;0;0;0;0;0;0;0;0;0;0;0;;2880;5739;2865;2862;2865;0;0;0;0;0;0;0;0;0;0;0;;0;0;0;0;0;0;0;0;0;0;0;0;0;0;0;0;;0;0;0;0;0;0;0;0;0;0;0;0;0;0;0;0;;0;0;0;0;0;0;0;0;0;0;0;0;0;0;0;0;;0;0;0;0;0;0;0;0;0;0;0;0;0;0;0;0;0;0;0;0;0;;0;0;0;0;0;0;;0;0;0;0;0;0;;0;0;0;0;0;0;;1;0;0;0;0;0;;
628;1;2024-07-09 10:40:00Z;6;122;30;30;1320;5;0;0;0;0;0;0;34506;;2862;2862;5760;5760;2892;2892;2871;2871;2868;2868;0;0;0;0;0;0;0;0;0;0;0;0;0;0;0;0;0;0;0;0;0;0;;222;317;80;82;0;0;0;0;0;0;0;0;0;0;0;;0;0;0;0;0;0;0;0;0;0;0;0;0;0;0;0;;2862;5760;2892;2871;2868;0;0;0;0;0;0;0;0;0;0;0;;0;0;0;0;0;0;0;0;0;0;0;0;0;0;0;0;;0;0;0;0;0;0;0;0;0;0;0;0;0;0;0;0;;0;0;0;0;0;0;0;0;0;0;0;0;0;0;0;0;;0;0;0;0;0;0;0;0;0;0;0;0;0;0;0;0;0;0;0;0;0;;0;0;0;0;0;0;;0;0;0;0;0;0;;0;0;0;0;0;0;;1;0;0;0;0;0;;
629;1;2024-07-09 10:40:04Z;6;122;30;30;1330;5;0;0;0;0;0;0;34632;;2877;2877;5763;5763;2889;2889;2895;2895;2892;2892;0;0;0;0;0;0;0;0;0;0;0;0;0;0;0;0;0;0;0;0;0;0;;222;317;80;82;0;0;0;0;0;0;0;0;0;0;0;;0;0;0;0;0;0;0;0;0;0;0;0;0;0;0;0;;2877;5763;2889;2895;2892;0;0;0;0;0;0;0;0;0;0;0;;0;0;0;0;0;0;0;0;0;0;0;0;0;0;0;0;;0;0;0;0;0;0;0;0;0;0;0;0;0;0;0;0;;0;0;0;0;0;0;0;0;0;0;0;0;0;0;0;0;;0;0;0;0;0;0;0;0;0;0;0;0;0;0;0;0;0;0;0;0;0;;0;0;0;0;0;0;;0;0;0;0;0;0;;0;0;0;0;0;0;;1;0;0;0;0;0;;
630;1;2024-07-09 10:40:08Z;6;122;30;30;1340;5;0;0;0;0;0;0;34494;;2886;2886;5739;5739;2862;2862;2877;2877;2883;2883;0;0;0;0;0;0;0;0;0;0;0;0;0;0;0;0;0;0;0;0;0;0;;222;317;80;82;0;0;0;0;0;0;0;0;0;0;0;;0;0;0;0;0;0;0;0;0;0;0;0;0;0;0;0;;2886;5739;2862;2877;2883;0;0;0;0;0;0;0;0;0;0;0;;0;0;0;0;0;0;0;0;0;0;0;0;0;0;0;0;;0;0;0;0;0;0;0;0;0;0;0;0;0;0;0;0;;0;0;0;0;0;0;0;0;0;0;0;0;0;0;0;0;;0;0;0;0;0;0;0;0;0;0;0;0;0;0;0;0;0;0;0;0;0;;0;0;0;0;0;0;;0;0;0;0;0;0;;0;0;0;0;0;0;;1;0;0;0;0;0;;
631;1;2024-07-09 10:40:12Z;6;122;30;30;1340;5;0;0;0;0;0;0;34422;;2868;2868;5748;5748;2877;2877;2859;2859;2859;2859;0;0;0;0;0;0;0;0;0;0;0;0;0;0;0;0;0;0;0;0;0;0;;222;317;79;82;0;0;0;0;0;0;0;0;0;0;0;;0;0;0;0;0;0;0;0;0;0;0;0;0;0;0;0;;2868;5748;2877;2859;2859;0;0;0;0;0;0;0;0;0;0;0;;0;0;0;0;0;0;0;0;0;0;0;0;0;0;0;0;;0;0;0;0;0;0;0;0;0;0;0;0;0;0;0;0;;0;0;0;0;0;0;0;0;0;0;0;0;0;0;0;0;;0;0;0;0;0;0;0;0;0;0;0;0;0;0;0;0;0;0;0;0;0;;0;0;0;0;0;0;;0;0;0;0;0;0;;0;0;0;0;0;0;;1;0;0;0;0;0;;
632;1;2024-07-09 10:40:16Z;6;122;30;30;1320;5;0;0;0;0;0;0;34608;;2868;2868;5769;5769;2895;2895;2889;2889;2883;2883;0;0;0;0;0;0;0;0;0;0;0;0;0;0;0;0;0;0;0;0;0;0;;222;317;80;82;0;0;0;0;0;0;0;0;0;0;0;;0;0;0;0;0;0;0;0;0;0;0;0;0;0;0;0;;2868;5769;2895;2889;2883;0;0;0;0;0;0;0;0;0;0;0;;0;0;0;0;0;0;0;0;0;0;0;0;0;0;0;0;;0;0;0;0;0;0;0;0;0;0;0;0;0;0;0;0;;0;0;0;0;0;0;0;0;0;0;0;0;0;0;0;0;;0;0;0;0;0;0;0;0;0;0;0;0;0;0;0;0;0;0;0;0;0;;0;0;0;0;0;0;;1;0;0;0;0;0;;0;0;0;0;0;0;;1;0;0;0;0;0;;
633;1;2024-07-09 10:40:20Z;6;122;30;30;1330;5;0;0;0;0;0;0;34554;;2883;2883;5745;5745;2868;2868;2889;2889;2892;2892;0;0;0;0;0;0;0;0;0;0;0;0;0;0;0;0;0;0;0;0;0;0;;222;317;80;82;0;0;0;0;0;0;0;0;0;0;0;;0;0;0;0;0;0;0;0;0;0;0;0;0;0;0;0;;2883;5745;2868;2889;2892;0;0;0;0;0;0;0;0;0;0;0;;0;0;0;0;0;0;0;0;0;0;0;0;0;0;0;0;;0;0;0;0;0;0;0;0;0;0;0;0;0;0;0;0;;0;0;0;0;0;0;0;0;0;0;0;0;0;0;0;0;;0;0;0;0;0;0;0;0;0;0;0;0;0;0;0;0;0;0;0;0;0;;0;0;0;0;0;0;;0;0;0;0;0;0;;0;0;0;0;0;0;;1;0;0;0;0;0;;
634;1;2024-07-09 10:40:24Z;6;122;30;30;1320;5;0;0;0;0;0;0;34392;;2877;2877;5733;5733;2859;2859;2862;2862;2865;2865;0;0;0;0;0;0;0;0;0;0;0;0;0;0;0;0;0;0;0;0;0;0;;222;317;80;82;0;0;0;0;0;0;0;0;0;0;0;;0;0;0;0;0;0;0;0;0;0;0;0;0;0;0;0;;2877;5733;2859;2862;2865;0;0;0;0;0;0;0;0;0;0;0;;0;0;0;0;0;0;0;0;0;0;0;0;0;0;0;0;;0;0;0;0;0;0;0;0;0;0;0;0;0;0;0;0;;0;0;0;0;0;0;0;0;0;0;0;0;0;0;0;0;;0;0;0;0;0;0;0;0;0;0;0;0;0;0;0;0;0;0;0;0;0;;0;0;0;0;0;0;;0;0;0;0;0;0;;0;0;0;0;0;0;;1;0;0;0;0;0;;
635;1;2024-07-09 10:40:28Z;6;122;30;30;1320;5;0;0;0;0;0;0;34446;;2859;2859;5754;5754;2883;2883;2865;2865;2862;2862;0;0;0;0;0;0;0;0;0;0;0;0;0;0;0;0;0;0;0;0;0;0;;222;317;80;82;0;0;0;0;0;0;0;0;0;0;0;;0;0;0;0;0;0;0;0;0;0;0;0;0;0;0;0;;2859;5754;2883;2865;2862;0;0;0;0;0;0;0;0;0;0;0;;0;0;0;0;0;0;0;0;0;0;0;0;0;0;0;0;;0;0;0;0;0;0;0;0;0;0;0;0;0;0;0;0;;0;0;0;0;0;0;0;0;0;0;0;0;0;0;0;0;;0;0;0;0;0;0;0;0;0;0;0;0;0;0;0;0;0;0;0;0;0;;0;0;0;0;0;0;;0;0;0;0;0;0;;0;0;0;0;0;0;;1;0;0;0;0;0;;
636;1;2024-07-09 10:40:32Z;6;122;30;30;1320;5;0;0;0;0;0;0;34608;;2874;2874;5763;5763;2886;2886;2892;2892;2889;2889;0;0;0;0;0;0;0;0;0;0;0;0;0;0;0;0;0;0;0;0;0;0;;222;317;80;82;0;0;0;0;0;0;0;0;0;0;0;;0;0;0;0;0;0;0;0;0;0;0;0;0;0;0;0;;2874;5763;2886;2892;2889;0;0;0;0;0;0;0;0;0;0;0;;0;0;0;0;0;0;0;0;0;0;0;0;0;0;0;0;;0;0;0;0;0;0;0;0;0;0;0;0;0;0;0;0;;0;0;0;0;0;0;0;0;0;0;0;0;0;0;0;0;;0;0;0;0;0;0;0;0;0;0;0;0;0;0;0;0;0;0;0;0;0;;0;0;0;0;0;0;;0;0;0;0;0;0;;0;0;0;0;0;0;;1;0;0;0;0;0;;
637;1;2024-07-09 10:40:36Z;6;122;30;30;1320;5;0;0;0;0;0;0;34470;;2886;2886;5736;5736;2859;2859;2874;2874;2880;2880;0;0;0;0;0;0;0;0;0;0;0;0;0;0;0;0;0;0;0;0;0;0;;222;317;80;82;0;0;0;0;0;0;0;0;0;0;0;;0;0;0;0;0;0;0;0;0;0;0;0;0;0;0;0;;2886;5736;2859;2874;2880;0;0;0;0;0;0;0;0;0;0;0;;0;0;0;0;0;0;0;0;0;0;0;0;0;0;0;0;;0;0;0;0;0;0;0;0;0;0;0;0;0;0;0;0;;0;0;0;0;0;0;0;0;0;0;0;0;0;0;0;0;;0;0;0;0;0;0;0;0;0;0;0;0;0;0;0;0;0;0;0;0;0;;0;0;0;0;0;0;;0;0;0;0;0;0;;0;0;0;0;0;0;;1;0;0;0;0;0;;
638;1;2024-07-09 10:40:40Z;6;122;30;30;1320;5;0;0;0;0;0;0;34404;;2865;2865;5745;5745;2877;2877;2859;2859;2856;2856;0;0;0;0;0;0;0;0;0;0;0;0;0;0;0;0;0;0;0;0;0;0;;222;317;80;82;0;0;0;0;0;0;0;0;0;0;0;;0;0;0;0;0;0;0;0;0;0;0;0;0;0;0;0;;2865;5745;2877;2859;2856;0;0;0;0;0;0;0;0;0;0;0;;0;0;0;0;0;0;0;0;0;0;0;0;0;0;0;0;;0;0;0;0;0;0;0;0;0;0;0;0;0;0;0;0;;0;0;0;0;0;0;0;0;0;0;0;0;0;0;0;0;;0;0;0;0;0;0;0;0;0;0;0;0;0;0;0;0;0;0;0;0;0;;0;0;0;0;0;0;;0;0;0;0;0;0;;0;0;0;0;0;0;;1;0;0;0;0;0;;
639;1;2024-07-09 10:40:44Z;6;122;30;30;1320;5;0;0;0;0;0;0;34554;;2868;2868;5751;5751;2886;2886;2886;2886;2886;2886;0;0;0;0;0;0;0;0;0;0;0;0;0;0;0;0;0;0;0;0;0;0;;222;317;80;82;0;0;0;0;0;0;0;0;0;0;0;;0;0;0;0;0;0;0;0;0;0;0;0;0;0;0;0;;2868;5751;2886;2886;2886;0;0;0;0;0;0;0;0;0;0;0;;0;0;0;0;0;0;0;0;0;0;0;0;0;0;0;0;;0;0;0;0;0;0;0;0;0;0;0;0;0;0;0;0;;0;0;0;0;0;0;0;0;0;0;0;0;0;0;0;0;;0;0;0;0;0;0;0;0;0;0;0;0;0;0;0;0;0;0;0;0;0;;0;0;0;0;0;0;;0;0;0;0;0;0;;0;0;0;0;0;0;;1;0;0;0;0;0;;
640;1;2024-07-09 10:40:48Z;6;122;30;30;1340;5;0;0;0;0;0;0;34506;;2889;2889;5739;5739;2862;2862;2880;2880;2883;2883;0;0;0;0;0;0;0;0;0;0;0;0;0;0;0;0;0;0;0;0;0;0;;222;317;80;82;0;0;0;0;0;0;0;0;0;0;0;;0;0;0;0;0;0;0;0;0;0;0;0;0;0;0;0;;2889;5739;2862;2880;2883;0;0;0;0;0;0;0;0;0;0;0;;0;0;0;0;0;0;0;0;0;0;0;0;0;0;0;0;;0;0;0;0;0;0;0;0;0;0;0;0;0;0;0;0;;0;0;0;0;0;0;0;0;0;0;0;0;0;0;0;0;;0;0;0;0;0;0;0;0;0;0;0;0;0;0;0;0;0;0;0;0;0;;0;0;0;0;0;0;;0;0;0;0;0;0;;0;0;0;0;0;0;;1;0;0;0;0;0;;
641;1;2024-07-09 10:40:52Z;6;122;30;30;1340;5;0;0;0;0;0;0;34368;;2868;2868;5739;5739;2865;2865;2856;2856;2856;2856;0;0;0;0;0;0;0;0;0;0;0;0;0;0;0;0;0;0;0;0;0;0;;222;317;80;82;0;0;0;0;0;0;0;0;0;0;0;;0;0;0;0;0;0;0;0;0;0;0;0;0;0;0;0;;2868;5739;2865;2856;2856;0;0;0;0;0;0;0;0;0;0;0;;0;0;0;0;0;0;0;0;0;0;0;0;0;0;0;0;;0;0;0;0;0;0;0;0;0;0;0;0;0;0;0;0;;0;0;0;0;0;0;0;0;0;0;0;0;0;0;0;0;;0;0;0;0;0;0;0;0;0;0;0;0;0;0;0;0;0;0;0;0;0;;0;0;0;0;0;0;;0;0;0;0;0;0;;0;0;0;0;0;0;;1;0;0;0;0;0;;
642;1;2024-07-09 10:40:56Z;6;122;30;30;1340;5;0;0;0;0;0;0;34536;;2862;2862;5766;5766;2889;2889;2880;2880;2871;2871;0;0;0;0;0;0;0;0;0;0;0;0;0;0;0;0;0;0;0;0;0;0;;222;317;80;82;0;0;0;0;0;0;0;0;0;0;0;;0;0;0;0;0;0;0;0;0;0;0;0;0;0;0;0;;2862;5766;2889;2880;2871;0;0;0;0;0;0;0;0;0;0;0;;0;0;0;0;0;0;0;0;0;0;0;0;0;0;0;0;;0;0;0;0;0;0;0;0;0;0;0;0;0;0;0;0;;0;0;0;0;0;0;0;0;0;0;0;0;0;0;0;0;;0;0;0;0;0;0;0;0;0;0;0;0;0;0;0;0;0;0;0;0;0;;0;0;0;0;0;0;;0;0;0;0;0;0;;0;0;0;0;0;0;;1;0;0;0;0;0;;
643;1;2024-07-09 10:41:00Z;6;122;30;30;1320;5;0;0;0;0;0;0;34560;;2889;2889;5751;5751;2874;2874;2874;2874;2892;2892;0;0;0;0;0;0;0;0;0;0;0;0;0;0;0;0;0;0;0;0;0;0;;222;317;80;82;0;0;0;0;0;0;0;0;0;0;0;;0;0;0;0;0;0;0;0;0;0;0;0;0;0;0;0;;2889;5751;2874;2874;2892;0;0;0;0;0;0;0;0;0;0;0;;0;0;0;0;0;0;0;0;0;0;0;0;0;0;0;0;;0;0;0;0;0;0;0;0;0;0;0;0;0;0;0;0;;0;0;0;0;0;0;0;0;0;0;0;0;0;0;0;0;;0;0;0;0;0;0;0;0;0;0;0;0;0;0;0;0;0;0;0;0;0;;0;0;0;0;0;0;;0;0;0;0;0;0;;0;0;0;0;0;0;;1;0;0;0;0;0;;
644;1;2024-07-09 10:41:04Z;6;122;30;30;1320;5;0;0;0;0;0;0;34392;;2877;2877;5733;5733;2859;2859;2862;2862;2865;2865;0;0;0;0;0;0;0;0;0;0;0;0;0;0;0;0;0;0;0;0;0;0;;222;317;80;82;0;0;0;0;0;0;0;0;0;0;0;;0;0;0;0;0;0;0;0;0;0;0;0;0;0;0;0;;2877;5733;2859;2862;2865;0;0;0;0;0;0;0;0;0;0;0;;0;0;0;0;0;0;0;0;0;0;0;0;0;0;0;0;;0;0;0;0;0;0;0;0;0;0;0;0;0;0;0;0;;0;0;0;0;0;0;0;0;0;0;0;0;0;0;0;0;;0;0;0;0;0;0;0;0;0;0;0;0;0;0;0;0;0;0;0;0;0;;0;0;0;0;0;0;;0;0;0;0;0;0;;0;0;0;0;0;0;;1;0;0;0;0;0;;
645;1;2024-07-09 10:41:08Z;6;122;30;30;1320;5;0;0;0;0;0;0;34536;;2862;2862;5766;5766;2892;2892;2877;2877;2871;2871;0;0;0;0;0;0;0;0;0;0;0;0;0;0;0;0;0;0;0;0;0;0;;222;317;80;82;0;0;0;0;0;0;0;0;0;0;0;;0;0;0;0;0;0;0;0;0;0;0;0;0;0;0;0;;2862;5766;2892;2877;2871;0;0;0;0;0;0;0;0;0;0;0;;0;0;0;0;0;0;0;0;0;0;0;0;0;0;0;0;;0;0;0;0;0;0;0;0;0;0;0;0;0;0;0;0;;0;0;0;0;0;0;0;0;0;0;0;0;0;0;0;0;;0;0;0;0;0;0;0;0;0;0;0;0;0;0;0;0;0;0;0;0;0;;0;0;0;0;0;0;;0;0;0;0;0;0;;0;0;0;0;0;0;;1;0;0;0;0;0;;
646;1;2024-07-09 10:41:12Z;6;122;30;30;1320;5;0;0;0;0;0;0;34572;;2886;2886;5748;5748;2871;2871;2889;2889;2892;2892;0;0;0;0;0;0;0;0;0;0;0;0;0;0;0;0;0;0;0;0;0;0;;222;317;80;82;0;0;0;0;0;0;0;0;0;0;0;;0;0;0;0;0;0;0;0;0;0;0;0;0;0;0;0;;2886;5748;2871;2889;2892;0;0;0;0;0;0;0;0;0;0;0;;0;0;0;0;0;0;0;0;0;0;0;0;0;0;0;0;;0;0;0;0;0;0;0;0;0;0;0;0;0;0;0;0;;0;0;0;0;0;0;0;0;0;0;0;0;0;0;0;0;;0;0;0;0;0;0;0;0;0;0;0;0;0;0;0;0;0;0;0;0;0;;0;0;0;0;0;0;;0;0;0;0;0;0;;0;0;0;0;0;0;;1;0;0;0;0;0;;
647;1;2024-07-09 10:41:16Z;6;122;30;30;1320;5;0;0;0;0;0;0;34380;;2877;2877;5733;5733;2859;2859;2859;2859;2862;2862;0;0;0;0;0;0;0;0;0;0;0;0;0;0;0;0;0;0;0;0;0;0;;222;317;80;82;0;0;0;0;0;0;0;0;0;0;0;;0;0;0;0;0;0;0;0;0;0;0;0;0;0;0;0;;2877;5733;2859;2859;2862;0;0;0;0;0;0;0;0;0;0;0;;0;0;0;0;0;0;0;0;0;0;0;0;0;0;0;0;;0;0;0;0;0;0;0;0;0;0;0;0;0;0;0;0;;0;0;0;0;0;0;0;0;0;0;0;0;0;0;0;0;;0;0;0;0;0;0;0;0;0;0;0;0;0;0;0;0;0;0;0;0;0;;0;0;0;0;0;0;;0;0;0;0;0;0;;0;0;0;0;0;0;;1;0;0;0;0;0;;
648;1;2024-07-09 10:41:20Z;6;122;30;30;1320;5;0;0;0;0;0;0;34482;;2859;2859;5760;5760;2889;2889;2868;2868;2865;2865;0;0;0;0;0;0;0;0;0;0;0;0;0;0;0;0;0;0;0;0;0;0;;222;317;80;82;0;0;0;0;0;0;0;0;0;0;0;;0;0;0;0;0;0;0;0;0;0;0;0;0;0;0;0;;2859;5760;2889;2868;2865;0;0;0;0;0;0;0;0;0;0;0;;0;0;0;0;0;0;0;0;0;0;0;0;0;0;0;0;;0;0;0;0;0;0;0;0;0;0;0;0;0;0;0;0;;0;0;0;0;0;0;0;0;0;0;0;0;0;0;0;0;;0;0;0;0;0;0;0;0;0;0;0;0;0;0;0;0;0;0;0;0;0;;0;0;0;0;0;0;;0;0;0;0;0;0;;0;0;0;0;0;0;;1;0;0;0;0;0;;
649;1;2024-07-09 10:41:24Z;6;122;30;30;1320;5;0;0;0;0;0;0;34614;;2880;2880;5757;5757;2883;2883;2892;2892;2895;2895;0;0;0;0;0;0;0;0;0;0;0;0;0;0;0;0;0;0;0;0;0;0;;222;317;80;82;0;0;0;0;0;0;0;0;0;0;0;;0;0;0;0;0;0;0;0;0;0;0;0;0;0;0;0;;2880;5757;2883;2892;2895;0;0;0;0;0;0;0;0;0;0;0;;0;0;0;0;0;0;0;0;0;0;0;0;0;0;0;0;;0;0;0;0;0;0;0;0;0;0;0;0;0;0;0;0;;0;0;0;0;0;0;0;0;0;0;0;0;0;0;0;0;;0;0;0;0;0;0;0;0;0;0;0;0;0;0;0;0;0;0;0;0;0;;0;0;0;0;0;0;;0;0;0;0;0;0;;0;0;0;0;0;0;;1;0;0;0;0;0;;
650;1;2024-07-09 10:41:28Z;6;122;30;30;1320;5;0;0;0;0;0;0;34434;;2883;2883;5733;5733;2856;2856;2871;2871;2874;2874;0;0;0;0;0;0;0;0;0;0;0;0;0;0;0;0;0;0;0;0;0;0;;222;317;80;82;0;0;0;0;0;0;0;0;0;0;0;;0;0;0;0;0;0;0;0;0;0;0;0;0;0;0;0;;2883;5733;2856;2871;2874;0;0;0;0;0;0;0;0;0;0;0;;0;0;0;0;0;0;0;0;0;0;0;0;0;0;0;0;;0;0;0;0;0;0;0;0;0;0;0;0;0;0;0;0;;0;0;0;0;0;0;0;0;0;0;0;0;0;0;0;0;;0;0;0;0;0;0;0;0;0;0;0;0;0;0;0;0;0;0;0;0;0;;0;0;0;0;0;0;;0;0;0;0;0;0;;0;0;0;0;0;0;;1;0;0;0;0;0;;
651;1;2024-07-09 10:41:32Z;6;122;30;30;1320;5;0;0;0;0;0;0;34410;;2865;2865;5745;5745;2877;2877;2859;2859;2859;2859;0;0;0;0;0;0;0;0;0;0;0;0;0;0;0;0;0;0;0;0;0;0;;222;317;80;82;0;0;0;0;0;0;0;0;0;0;0;;0;0;0;0;0;0;0;0;0;0;0;0;0;0;0;0;;2865;5745;2877;2859;2859;0;0;0;0;0;0;0;0;0;0;0;;0;0;0;0;0;0;0;0;0;0;0;0;0;0;0;0;;0;0;0;0;0;0;0;0;0;0;0;0;0;0;0;0;;0;0;0;0;0;0;0;0;0;0;0;0;0;0;0;0;;0;0;0;0;0;0;0;0;0;0;0;0;0;0;0;0;0;0;0;0;0;;0;0;0;0;0;0;;0;0;0;0;0;0;;0;0;0;0;0;0;;1;0;0;0;0;0;;
652;1;2024-07-09 10:41:36Z;6;122;30;30;1320;5;0;0;0;0;0;0;34584;;2868;2868;5766;5766;2889;2889;2886;2886;2883;2883;0;0;0;0;0;0;0;0;0;0;0;0;0;0;0;0;0;0;0;0;0;0;;222;317;80;82;0;0;0;0;0;0;0;0;0;0;0;;0;0;0;0;0;0;0;0;0;0;0;0;0;0;0;0;;2868;5766;2889;2886;2883;0;0;0;0;0;0;0;0;0;0;0;;0;0;0;0;0;0;0;0;0;0;0;0;0;0;0;0;;0;0;0;0;0;0;0;0;0;0;0;0;0;0;0;0;;0;0;0;0;0;0;0;0;0;0;0;0;0;0;0;0;;0;0;0;0;0;0;0;0;0;0;0;0;0;0;0;0;0;0;0;0;0;;0;0;0;0;0;0;;0;0;0;0;0;0;;0;0;0;0;0;0;;1;0;0;0;0;0;;
653;1;2024-07-09 10:41:40Z;6;122;30;30;1320;5;0;0;0;0;0;0;34524;;2877;2877;5745;5745;2865;2865;2886;2886;2889;2889;0;0;0;0;0;0;0;0;0;0;0;0;0;0;0;0;0;0;0;0;0;0;;222;317;80;82;0;0;0;0;0;0;0;0;0;0;0;;0;0;0;0;0;0;0;0;0;0;0;0;0;0;0;0;;2877;5745;2865;2886;2889;0;0;0;0;0;0;0;0;0;0;0;;0;0;0;0;0;0;0;0;0;0;0;0;0;0;0;0;;0;0;0;0;0;0;0;0;0;0;0;0;0;0;0;0;;0;0;0;0;0;0;0;0;0;0;0;0;0;0;0;0;;0;0;0;0;0;0;0;0;0;0;0;0;0;0;0;0;0;0;0;0;0;;0;0;0;0;0;0;;0;0;0;0;0;0;;0;0;0;0;0;0;;1;0;0;0;0;0;;
654;1;2024-07-09 10:41:44Z;6;122;30;30;1330;5;0;0;0;0;0;0;34380;;2874;2874;5733;5733;2862;2862;2859;2859;2862;2862;0;0;0;0;0;0;0;0;0;0;0;0;0;0;0;0;0;0;0;0;0;0;;222;317;80;82;0;0;0;0;0;0;0;0;0;0;0;;0;0;0;0;0;0;0;0;0;0;0;0;0;0;0;0;;2874;5733;2862;2859;2862;0;0;0;0;0;0;0;0;0;0;0;;0;0;0;0;0;0;0;0;0;0;0;0;0;0;0;0;;0;0;0;0;0;0;0;0;0;0;0;0;0;0;0;0;;0;0;0;0;0;0;0;0;0;0;0;0;0;0;0;0;;0;0;0;0;0;0;0;0;0;0;0;0;0;0;0;0;0;0;0;0;0;;0;0;0;0;0;0;;0;0;0;0;0;0;;0;0;0;0;0;0;;1;0;0;0;0;0;;
655;1;2024-07-09 10:41:48Z;6;122;30;30;1330;5;0;0;0;0;0;0;34500;;2859;2859;5760;5760;2892;2892;2871;2871;2868;2868;0;0;0;0;0;0;0;0;0;0;0;0;0;0;0;0;0;0;0;0;0;0;;222;317;80;82;0;0;0;0;0;0;0;0;0;0;0;;0;0;0;0;0;0;0;0;0;0;0;0;0;0;0;0;;2859;5760;2892;2871;2868;0;0;0;0;0;0;0;0;0;0;0;;0;0;0;0;0;0;0;0;0;0;0;0;0;0;0;0;;0;0;0;0;0;0;0;0;0;0;0;0;0;0;0;0;;0;0;0;0;0;0;0;0;0;0;0;0;0;0;0;0;;0;0;0;0;0;0;0;0;0;0;0;0;0;0;0;0;0;0;0;0;0;;0;0;0;0;0;0;;0;0;0;0;0;0;;0;0;0;0;0;0;;1;0;0;0;0;0;;
656;1;2024-07-09 10:41:52Z;6;122;30;30;1340;5;0;0;0;0;0;0;34608;;2880;2880;5757;5757;2883;2883;2892;2892;2892;2892;0;0;0;0;0;0;0;0;0;0;0;0;0;0;0;0;0;0;0;0;0;0;;222;317;80;82;0;0;0;0;0;0;0;0;0;0;0;;0;0;0;0;0;0;0;0;0;0;0;0;0;0;0;0;;2880;5757;2883;2892;2892;0;0;0;0;0;0;0;0;0;0;0;;0;0;0;0;0;0;0;0;0;0;0;0;0;0;0;0;;0;0;0;0;0;0;0;0;0;0;0;0;0;0;0;0;;0;0;0;0;0;0;0;0;0;0;0;0;0;0;0;0;;0;0;0;0;0;0;0;0;0;0;0;0;0;0;0;0;0;0;0;0;0;;0;0;0;0;0;0;;0;0;0;0;0;0;;0;0;0;0;0;0;;1;0;0;0;0;0;;
657;1;2024-07-09 10:41:56Z;6;122;30;30;1340;5;0;0;0;0;0;0;34446;;2886;2886;5736;5736;2856;2856;2871;2871;2874;2874;0;0;0;0;0;0;0;0;0;0;0;0;0;0;0;0;0;0;0;0;0;0;;222;317;80;82;0;0;0;0;0;0;0;0;0;0;0;;0;0;0;0;0;0;0;0;0;0;0;0;0;0;0;0;;2886;5736;2856;2871;2874;0;0;0;0;0;0;0;0;0;0;0;;0;0;0;0;0;0;0;0;0;0;0;0;0;0;0;0;;0;0;0;0;0;0;0;0;0;0;0;0;0;0;0;0;;0;0;0;0;0;0;0;0;0;0;0;0;0;0;0;0;;0;0;0;0;0;0;0;0;0;0;0;0;0;0;0;0;0;0;0;0;0;;0;0;0;0;0;0;;0;0;0;0;0;0;;0;0;0;0;0;0;;1;0;0;0;0;0;;
658;1;2024-07-09 10:42:00Z;6;122;30;30;1320;5;0;0;0;0;0;0;34398;;2865;2865;5745;5745;2874;2874;2859;2859;2856;2856;0;0;0;0;0;0;0;0;0;0;0;0;0;0;0;0;0;0;0;0;0;0;;222;317;80;82;0;0;0;0;0;0;0;0;0;0;0;;0;0;0;0;0;0;0;0;0;0;0;0;0;0;0;0;;2865;5745;2874;2859;2856;0;0;0;0;0;0;0;0;0;0;0;;0;0;0;0;0;0;0;0;0;0;0;0;0;0;0;0;;0;0;0;0;0;0;0;0;0;0;0;0;0;0;0;0;;0;0;0;0;0;0;0;0;0;0;0;0;0;0;0;0;;0;0;0;0;0;0;0;0;0;0;0;0;0;0;0;0;0;0;0;0;0;;0;0;0;0;0;0;;0;0;0;0;0;0;;0;0;0;0;0;0;;1;0;0;0;0;0;;
659;1;2024-07-09 10:42:04Z;6;122;30;30;1320;5;0;0;0;0;0;0;34560;;2865;2865;5757;5757;2892;2892;2886;2886;2880;2880;0;0;0;0;0;0;0;0;0;0;0;0;0;0;0;0;0;0;0;0;0;0;;222;317;80;82;0;0;0;0;0;0;0;0;0;0;0;;0;0;0;0;0;0;0;0;0;0;0;0;0;0;0;0;;2865;5757;2892;2886;2880;0;0;0;0;0;0;0;0;0;0;0;;0;0;0;0;0;0;0;0;0;0;0;0;0;0;0;0;;0;0;0;0;0;0;0;0;0;0;0;0;0;0;0;0;;0;0;0;0;0;0;0;0;0;0;0;0;0;0;0;0;;0;0;0;0;0;0;0;0;0;0;0;0;0;0;0;0;0;0;0;0;0;;0;0;0;0;0;0;;0;0;0;0;0;0;;0;0;0;0;0;0;;1;0;0;0;0;0;;
660;1;2024-07-09 10:42:08Z;6;122;30;30;1320;5;0;0;0;0;0;0;34578;;2889;2889;5748;5748;2871;2871;2889;2889;2892;2892;0;0;0;0;0;0;0;0;0;0;0;0;0;0;0;0;0;0;0;0;0;0;;222;317;80;82;0;0;0;0;0;0;0;0;0;0;0;;0;0;0;0;0;0;0;0;0;0;0;0;0;0;0;0;;2889;5748;2871;2889;2892;0;0;0;0;0;0;0;0;0;0;0;;0;0;0;0;0;0;0;0;0;0;0;0;0;0;0;0;;0;0;0;0;0;0;0;0;0;0;0;0;0;0;0;0;;0;0;0;0;0;0;0;0;0;0;0;0;0;0;0;0;;0;0;0;0;0;0;0;0;0;0;0;0;0;0;0;0;0;0;0;0;0;;0;0;0;0;0;0;;0;0;0;0;0;0;;0;0;0;0;0;0;;1;0;0;0;0;0;;
661;1;2024-07-09 10:42:12Z;6;122;30;30;1320;5;0;0;0;0;0;0;34392;;2877;2877;5733;5733;2859;2859;2862;2862;2865;2865;0;0;0;0;0;0;0;0;0;0;0;0;0;0;0;0;0;0;0;0;0;0;;222;317;80;82;0;0;0;0;0;0;0;0;0;0;0;;0;0;0;0;0;0;0;0;0;0;0;0;0;0;0;0;;2877;5733;2859;2862;2865;0;0;0;0;0;0;0;0;0;0;0;;0;0;0;0;0;0;0;0;0;0;0;0;0;0;0;0;;0;0;0;0;0;0;0;0;0;0;0;0;0;0;0;0;;0;0;0;0;0;0;0;0;0;0;0;0;0;0;0;0;;0;0;0;0;0;0;0;0;0;0;0;0;0;0;0;0;0;0;0;0;0;;0;0;0;0;0;0;;0;0;0;0;0;0;;0;0;0;0;0;0;;1;0;0;0;0;0;;
662;1;2024-07-09 10:42:16Z;6;122;30;30;1320;5;0;0;0;0;0;0;34458;;2859;2859;5757;5757;2886;2886;2868;2868;2859;2859;0;0;0;0;0;0;0;0;0;0;0;0;0;0;0;0;0;0;0;0;0;0;;222;317;80;82;0;0;0;0;0;0;0;0;0;0;0;;0;0;0;0;0;0;0;0;0;0;0;0;0;0;0;0;;2859;5757;2886;2868;2859;0;0;0;0;0;0;0;0;0;0;0;;0;0;0;0;0;0;0;0;0;0;0;0;0;0;0;0;;0;0;0;0;0;0;0;0;0;0;0;0;0;0;0;0;;0;0;0;0;0;0;0;0;0;0;0;0;0;0;0;0;;0;0;0;0;0;0;0;0;0;0;0;0;0;0;0;0;0;0;0;0;0;;0;0;0;0;0;0;;0;0;0;0;0;0;;0;0;0;0;0;0;;1;0;0;0;0;0;;
663;1;2024-07-09 10:42:20Z;6;122;30;30;1320;5;0;0;0;0;0;0;34572;;2874;2874;5763;5763;2886;2886;2874;2874;2889;2889;0;0;0;0;0;0;0;0;0;0;0;0;0;0;0;0;0;0;0;0;0;0;;222;317;80;82;0;0;0;0;0;0;0;0;0;0;0;;0;0;0;0;0;0;0;0;0;0;0;0;0;0;0;0;;2874;5763;2886;2874;2889;0;0;0;0;0;0;0;0;0;0;0;;0;0;0;0;0;0;0;0;0;0;0;0;0;0;0;0;;0;0;0;0;0;0;0;0;0;0;0;0;0;0;0;0;;0;0;0;0;0;0;0;0;0;0;0;0;0;0;0;0;;0;0;0;0;0;0;0;0;0;0;0;0;0;0;0;0;0;0;0;0;0;;0;0;0;0;0;0;;0;0;0;0;0;0;;0;0;0;0;0;0;;1;0;0;0;0;0;;
664;1;2024-07-09 10:42:24Z;6;122;30;30;1320;5;0;0;0;0;0;0;34476;;2889;2889;5739;5739;2853;2853;2877;2877;2880;2880;0;0;0;0;0;0;0;0;0;0;0;0;0;0;0;0;0;0;0;0;0;0;;222;317;80;82;0;0;0;0;0;0;0;0;0;0;0;;0;0;0;0;0;0;0;0;0;0;0;0;0;0;0;0;;2889;5739;2853;2877;2880;0;0;0;0;0;0;0;0;0;0;0;;0;0;0;0;0;0;0;0;0;0;0;0;0;0;0;0;;0;0;0;0;0;0;0;0;0;0;0;0;0;0;0;0;;0;0;0;0;0;0;0;0;0;0;0;0;0;0;0;0;;0;0;0;0;0;0;0;0;0;0;0;0;0;0;0;0;0;0;0;0;0;;0;0;0;0;0;0;;0;0;0;0;0;0;;0;0;0;0;0;0;;1;0;0;0;0;0;;
665;1;2024-07-09 10:42:28Z;6;122;30;30;1320;5;0;0;0;0;0;0;34422;;2868;2868;5748;5748;2874;2874;2865;2865;2856;2856;0;0;0;0;0;0;0;0;0;0;0;0;0;0;0;0;0;0;0;0;0;0;;222;317;80;82;0;0;0;0;0;0;0;0;0;0;0;;0;0;0;0;0;0;0;0;0;0;0;0;0;0;0;0;;2868;5748;2874;2865;2856;0;0;0;0;0;0;0;0;0;0;0;;0;0;0;0;0;0;0;0;0;0;0;0;0;0;0;0;;0;0;0;0;0;0;0;0;0;0;0;0;0;0;0;0;;0;0;0;0;0;0;0;0;0;0;0;0;0;0;0;0;;0;0;0;0;0;0;0;0;0;0;0;0;0;0;0;0;0;0;0;0;0;;0;0;0;0;0;0;;0;0;0;0;0;0;;0;0;0;0;0;0;;1;0;0;0;0;0;;
666;1;2024-07-09 10:42:32Z;6;122;30;30;1320;5;0;0;0;0;0;0;34590;;2868;2868;5766;5766;2892;2892;2886;2886;2883;2883;0;0;0;0;0;0;0;0;0;0;0;0;0;0;0;0;0;0;0;0;0;0;;222;317;80;82;0;0;0;0;0;0;0;0;0;0;0;;0;0;0;0;0;0;0;0;0;0;0;0;0;0;0;0;;2868;5766;2892;2886;2883;0;0;0;0;0;0;0;0;0;0;0;;0;0;0;0;0;0;0;0;0;0;0;0;0;0;0;0;;0;0;0;0;0;0;0;0;0;0;0;0;0;0;0;0;;0;0;0;0;0;0;0;0;0;0;0;0;0;0;0;0;;0;0;0;0;0;0;0;0;0;0;0;0;0;0;0;0;0;0;0;0;0;;0;0;0;0;0;0;;0;0;0;0;0;0;;0;0;0;0;0;0;;1;0;0;0;0;0;;
667;1;2024-07-09 10:42:36Z;6;122;30;30;1320;5;0;0;0;0;0;0;34560;;2889;2889;5745;5745;2871;2871;2886;2886;2889;2889;0;0;0;0;0;0;0;0;0;0;0;0;0;0;0;0;0;0;0;0;0;0;;222;317;80;82;0;0;0;0;0;0;0;0;0;0;0;;0;0;0;0;0;0;0;0;0;0;0;0;0;0;0;0;;2889;5745;2871;2886;2889;0;0;0;0;0;0;0;0;0;0;0;;0;0;0;0;0;0;0;0;0;0;0;0;0;0;0;0;;0;0;0;0;0;0;0;0;0;0;0;0;0;0;0;0;;0;0;0;0;0;0;0;0;0;0;0;0;0;0;0;0;;0;0;0;0;0;0;0;0;0;0;0;0;0;0;0;0;0;0;0;0;0;;0;0;0;0;0;0;;0;0;0;0;0;0;;0;0;0;0;0;0;;1;0;0;0;0;0;;
668;1;2024-07-09 10:42:40Z;6;122;30;30;1340;5;0;0;0;0;0;0;34386;;2877;2877;5733;5733;2859;2859;2859;2859;2865;2865;0;0;0;0;0;0;0;0;0;0;0;0;0;0;0;0;0;0;0;0;0;0;;222;317;80;82;0;0;0;0;0;0;0;0;0;0;0;;0;0;0;0;0;0;0;0;0;0;0;0;0;0;0;0;;2877;5733;2859;2859;2865;0;0;0;0;0;0;0;0;0;0;0;;0;0;0;0;0;0;0;0;0;0;0;0;0;0;0;0;;0;0;0;0;0;0;0;0;0;0;0;0;0;0;0;0;;0;0;0;0;0;0;0;0;0;0;0;0;0;0;0;0;;0;0;0;0;0;0;0;0;0;0;0;0;0;0;0;0;0;0;0;0;0;;0;0;0;0;0;0;;0;0;0;0;0;0;;0;0;0;0;0;0;;1;0;0;0;0;0;;
669;1;2024-07-09 10:42:44Z;6;122;30;30;1330;5;0;0;0;0;0;0;34452;;2859;2859;5757;5757;2883;2883;2865;2865;2862;2862;0;0;0;0;0;0;0;0;0;0;0;0;0;0;0;0;0;0;0;0;0;0;;222;317;80;82;0;0;0;0;0;0;0;0;0;0;0;;0;0;0;0;0;0;0;0;0;0;0;0;0;0;0;0;;2859;5757;2883;2865;2862;0;0;0;0;0;0;0;0;0;0;0;;0;0;0;0;0;0;0;0;0;0;0;0;0;0;0;0;;0;0;0;0;0;0;0;0;0;0;0;0;0;0;0;0;;0;0;0;0;0;0;0;0;0;0;0;0;0;0;0;0;;0;0;0;0;0;0;0;0;0;0;0;0;0;0;0;0;0;0;0;0;0;;0;0;0;0;0;0;;0;0;0;0;0;0;;0;0;0;0;0;0;;1;0;0;0;0;0;;
670;1;2024-07-09 10:42:48Z;6;122;30;30;1330;5;0;0;0;0;0;0;34614;;2874;2874;5766;5766;2886;2886;2892;2892;2889;2889;0;0;0;0;0;0;0;0;0;0;0;0;0;0;0;0;0;0;0;0;0;0;;222;317;80;82;0;0;0;0;0;0;0;0;0;0;0;;0;0;0;0;0;0;0;0;0;0;0;0;0;0;0;0;;2874;5766;2886;2892;2889;0;0;0;0;0;0;0;0;0;0;0;;0;0;0;0;0;0;0;0;0;0;0;0;0;0;0;0;;0;0;0;0;0;0;0;0;0;0;0;0;0;0;0;0;;0;0;0;0;0;0;0;0;0;0;0;0;0;0;0;0;;0;0;0;0;0;0;0;0;0;0;0;0;0;0;0;0;0;0;0;0;0;;0;0;0;0;0;0;;0;0;0;0;0;0;;0;0;0;0;0;0;;1;0;0;0;0;0;;
671;1;2024-07-09 10:42:52Z;6;122;30;30;1320;5;0;0;0;0;0;0;34518;;2889;2889;5742;5742;2862;2862;2880;2880;2886;2886;0;0;0;0;0;0;0;0;0;0;0;0;0;0;0;0;0;0;0;0;0;0;;222;317;80;82;0;0;0;0;0;0;0;0;0;0;0;;0;0;0;0;0;0;0;0;0;0;0;0;0;0;0;0;;2889;5742;2862;2880;2886;0;0;0;0;0;0;0;0;0;0;0;;0;0;0;0;0;0;0;0;0;0;0;0;0;0;0;0;;0;0;0;0;0;0;0;0;0;0;0;0;0;0;0;0;;0;0;0;0;0;0;0;0;0;0;0;0;0;0;0;0;;0;0;0;0;0;0;0;0;0;0;0;0;0;0;0;0;0;0;0;0;0;;0;0;0;0;0;0;;0;0;0;0;0;0;;0;0;0;0;0;0;;1;0;0;0;0;0;;
672;1;2024-07-09 10:42:56Z;6;122;30;30;1320;5;0;0;0;0;0;0;34386;;2871;2871;5739;5739;2868;2868;2856;2856;2859;2859;0;0;0;0;0;0;0;0;0;0;0;0;0;0;0;0;0;0;0;0;0;0;;222;317;80;82;0;0;0;0;0;0;0;0;0;0;0;;0;0;0;0;0;0;0;0;0;0;0;0;0;0;0;0;;2871;5739;2868;2856;2859;0;0;0;0;0;0;0;0;0;0;0;;0;0;0;0;0;0;0;0;0;0;0;0;0;0;0;0;;0;0;0;0;0;0;0;0;0;0;0;0;0;0;0;0;;0;0;0;0;0;0;0;0;0;0;0;0;0;0;0;0;;0;0;0;0;0;0;0;0;0;0;0;0;0;0;0;0;0;0;0;0;0;;0;0;0;0;0;0;;0;0;0;0;0;0;;0;0;0;0;0;0;;1;0;0;0;0;0;;
673;1;2024-07-09 10:43:00Z;6;122;30;30;1330;5;0;0;0;0;0;0;34500;;2850;2850;5763;5763;2892;2892;2874;2874;2871;2871;0;0;0;0;0;0;0;0;0;0;0;0;0;0;0;0;0;0;0;0;0;0;;222;317;80;82;0;0;0;0;0;0;0;0;0;0;0;;0;0;0;0;0;0;0;0;0;0;0;0;0;0;0;0;;2850;5763;2892;2874;2871;0;0;0;0;0;0;0;0;0;0;0;;0;0;0;0;0;0;0;0;0;0;0;0;0;0;0;0;;0;0;0;0;0;0;0;0;0;0;0;0;0;0;0;0;;0;0;0;0;0;0;0;0;0;0;0;0;0;0;0;0;;0;0;0;0;0;0;0;0;0;0;0;0;0;0;0;0;0;0;0;0;0;;0;0;0;0;0;0;;0;0;0;0;0;0;;0;0;0;0;0;0;;1;0;0;0;0;0;;
674;1;2024-07-09 10:43:04Z;6;122;30;30;1320;5;0;0;0;0;0;0;34608;;2880;2880;5757;5757;2883;2883;2892;2892;2892;2892;0;0;0;0;0;0;0;0;0;0;0;0;0;0;0;0;0;0;0;0;0;0;;222;317;80;82;0;0;0;0;0;0;0;0;0;0;0;;0;0;0;0;0;0;0;0;0;0;0;0;0;0;0;0;;2880;5757;2883;2892;2892;0;0;0;0;0;0;0;0;0;0;0;;0;0;0;0;0;0;0;0;0;0;0;0;0;0;0;0;;0;0;0;0;0;0;0;0;0;0;0;0;0;0;0;0;;0;0;0;0;0;0;0;0;0;0;0;0;0;0;0;0;;0;0;0;0;0;0;0;0;0;0;0;0;0;0;0;0;0;0;0;0;0;;0;0;0;0;0;0;;0;0;0;0;0;0;;0;0;0;0;0;0;;1;0;0;0;0;0;;
675;1;2024-07-09 10:43:08Z;6;122;30;30;1320;5;0;0;0;0;0;0;34464;;2886;2886;5736;5736;2856;2856;2877;2877;2877;2877;0;0;0;0;0;0;0;0;0;0;0;0;0;0;0;0;0;0;0;0;0;0;;222;317;80;82;0;0;0;0;0;0;0;0;0;0;0;;0;0;0;0;0;0;0;0;0;0;0;0;0;0;0;0;;2886;5736;2856;2877;2877;0;0;0;0;0;0;0;0;0;0;0;;0;0;0;0;0;0;0;0;0;0;0;0;0;0;0;0;;0;0;0;0;0;0;0;0;0;0;0;0;0;0;0;0;;0;0;0;0;0;0;0;0;0;0;0;0;0;0;0;0;;0;0;0;0;0;0;0;0;0;0;0;0;0;0;0;0;0;0;0;0;0;;0;0;0;0;0;0;;0;0;0;0;0;0;;0;0;0;0;0;0;;1;0;0;0;0;0;;
676;1;2024-07-09 10:43:12Z;6;122;30;30;1320;5;0;0;0;0;0;0;34386;;2868;2868;5742;5742;2871;2871;2856;2856;2856;2856;0;0;0;0;0;0;0;0;0;0;0;0;0;0;0;0;0;0;0;0;0;0;;222;317;80;82;0;0;0;0;0;0;0;0;0;0;0;;0;0;0;0;0;0;0;0;0;0;0;0;0;0;0;0;;2868;5742;2871;2856;2856;0;0;0;0;0;0;0;0;0;0;0;;0;0;0;0;0;0;0;0;0;0;0;0;0;0;0;0;;0;0;0;0;0;0;0;0;0;0;0;0;0;0;0;0;;0;0;0;0;0;0;0;0;0;0;0;0;0;0;0;0;;0;0;0;0;0;0;0;0;0;0;0;0;0;0;0;0;0;0;0;0;0;;0;0;0;0;0;0;;0;0;0;0;0;0;;0;0;0;0;0;0;;1;0;0;0;0;0;;
677;1;2024-07-09 10:43:16Z;6;122;30;30;1320;5;0;0;0;0;0;0;34560;;2865;2865;5766;5766;2892;2892;2880;2880;2877;2877;0;0;0;0;0;0;0;0;0;0;0;0;0;0;0;0;0;0;0;0;0;0;;222;317;80;82;0;0;0;0;0;0;0;0;0;0;0;;0;0;0;0;0;0;0;0;0;0;0;0;0;0;0;0;;2865;5766;2892;2880;2877;0;0;0;0;0;0;0;0;0;0;0;;0;0;0;0;0;0;0;0;0;0;0;0;0;0;0;0;;0;0;0;0;0;0;0;0;0;0;0;0;0;0;0;0;;0;0;0;0;0;0;0;0;0;0;0;0;0;0;0;0;;0;0;0;0;0;0;0;0;0;0;0;0;0;0;0;0;0;0;0;0;0;;0;0;0;0;0;0;;0;0;0;0;0;0;;0;0;0;0;0;0;;1;0;0;0;0;0;;
678;1;2024-07-09 10:43:20Z;6;122;30;30;1320;5;0;0;0;0;0;0;34596;;2889;2889;5754;5754;2874;2874;2889;2889;2892;2892;0;0;0;0;0;0;0;0;0;0;0;0;0;0;0;0;0;0;0;0;0;0;;222;317;80;82;0;0;0;0;0;0;0;0;0;0;0;;0;0;0;0;0;0;0;0;0;0;0;0;0;0;0;0;;2889;5754;2874;2889;2892;0;0;0;0;0;0;0;0;0;0;0;;0;0;0;0;0;0;0;0;0;0;0;0;0;0;0;0;;0;0;0;0;0;0;0;0;0;0;0;0;0;0;0;0;;0;0;0;0;0;0;0;0;0;0;0;0;0;0;0;0;;0;0;0;0;0;0;0;0;0;0;0;0;0;0;0;0;0;0;0;0;0;;0;0;0;0;0;0;;0;0;0;0;0;0;;0;0;0;0;0;0;;1;0;0;0;0;0;;
679;1;2024-07-09 10:43:24Z;6;122;30;30;1330;5;0;0;0;0;0;0;34398;;2883;2883;5718;5718;2859;2859;2868;2868;2871;2871;0;0;0;0;0;0;0;0;0;0;0;0;0;0;0;0;0;0;0;0;0;0;;222;317;80;82;0;0;0;0;0;0;0;0;0;0;0;;0;0;0;0;0;0;0;0;0;0;0;0;0;0;0;0;;2883;5718;2859;2868;2871;0;0;0;0;0;0;0;0;0;0;0;;0;0;0;0;0;0;0;0;0;0;0;0;0;0;0;0;;0;0;0;0;0;0;0;0;0;0;0;0;0;0;0;0;;0;0;0;0;0;0;0;0;0;0;0;0;0;0;0;0;;0;0;0;0;0;0;0;0;0;0;0;0;0;0;0;0;0;0;0;0;0;;0;0;0;0;0;0;;0;0;0;0;0;0;;0;0;0;0;0;0;;1;0;0;0;0;0;;
680;1;2024-07-09 10:43:28Z;6;122;30;30;1330;5;0;0;0;0;0;0;34428;;2862;2862;5751;5751;2880;2880;2862;2862;2859;2859;0;0;0;0;0;0;0;0;0;0;0;0;0;0;0;0;0;0;0;0;0;0;;222;317;80;82;0;0;0;0;0;0;0;0;0;0;0;;0;0;0;0;0;0;0;0;0;0;0;0;0;0;0;0;;2862;5751;2880;2862;2859;0;0;0;0;0;0;0;0;0;0;0;;0;0;0;0;0;0;0;0;0;0;0;0;0;0;0;0;;0;0;0;0;0;0;0;0;0;0;0;0;0;0;0;0;;0;0;0;0;0;0;0;0;0;0;0;0;0;0;0;0;;0;0;0;0;0;0;0;0;0;0;0;0;0;0;0;0;0;0;0;0;0;;0;0;0;0;0;0;;0;0;0;0;0;0;;0;0;0;0;0;0;;1;0;0;0;0;0;;
681;1;2024-07-09 10:43:32Z;6;122;30;30;1340;5;0;0;0;0;0;0;34590;;2871;2871;5760;5760;2889;2889;2889;2889;2886;2886;0;0;0;0;0;0;0;0;0;0;0;0;0;0;0;0;0;0;0;0;0;0;;222;317;80;82;0;0;0;0;0;0;0;0;0;0;0;;0;0;0;0;0;0;0;0;0;0;0;0;0;0;0;0;;2871;5760;2889;2889;2886;0;0;0;0;0;0;0;0;0;0;0;;0;0;0;0;0;0;0;0;0;0;0;0;0;0;0;0;;0;0;0;0;0;0;0;0;0;0;0;0;0;0;0;0;;0;0;0;0;0;0;0;0;0;0;0;0;0;0;0;0;;0;0;0;0;0;0;0;0;0;0;0;0;0;0;0;0;0;0;0;0;0;;0;0;0;0;0;0;;0;0;0;0;0;0;;0;0;0;0;0;0;;1;0;0;0;0;0;;
682;1;2024-07-09 10:43:36Z;6;122;30;30;1340;5;0;0;0;0;0;0;34506;;2886;2886;5742;5742;2862;2862;2880;2880;2883;2883;0;0;0;0;0;0;0;0;0;0;0;0;0;0;0;0;0;0;0;0;0;0;;222;317;80;82;0;0;0;0;0;0;0;0;0;0;0;;0;0;0;0;0;0;0;0;0;0;0;0;0;0;0;0;;2886;5742;2862;2880;2883;0;0;0;0;0;0;0;0;0;0;0;;0;0;0;0;0;0;0;0;0;0;0;0;0;0;0;0;;0;0;0;0;0;0;0;0;0;0;0;0;0;0;0;0;;0;0;0;0;0;0;0;0;0;0;0;0;0;0;0;0;;0;0;0;0;0;0;0;0;0;0;0;0;0;0;0;0;0;0;0;0;0;;0;0;0;0;0;0;;0;0;0;0;0;0;;0;0;0;0;0;0;;1;0;0;0;0;0;;
683;1;2024-07-09 10:43:40Z;6;122;30;30;1340;5;0;0;0;0;0;0;34374;;2868;2868;5742;5742;2868;2868;2850;2850;2859;2859;0;0;0;0;0;0;0;0;0;0;0;0;0;0;0;0;0;0;0;0;0;0;;222;317;80;82;0;0;0;0;0;0;0;0;0;0;0;;0;0;0;0;0;0;0;0;0;0;0;0;0;0;0;0;;2868;5742;2868;2850;2859;0;0;0;0;0;0;0;0;0;0;0;;0;0;0;0;0;0;0;0;0;0;0;0;0;0;0;0;;0;0;0;0;0;0;0;0;0;0;0;0;0;0;0;0;;0;0;0;0;0;0;0;0;0;0;0;0;0;0;0;0;;0;0;0;0;0;0;0;0;0;0;0;0;0;0;0;0;0;0;0;0;0;;0;0;0;0;0;0;;0;0;0;0;0;0;;0;0;0;0;0;0;;1;0;0;0;0;0;;
684;1;2024-07-09 10:43:44Z;6;122;30;30;1320;5;0;0;0;0;0;0;34524;;2865;2865;5766;5766;2880;2880;2877;2877;2874;2874;0;0;0;0;0;0;0;0;0;0;0;0;0;0;0;0;0;0;0;0;0;0;;222;317;80;82;0;0;0;0;0;0;0;0;0;0;0;;0;0;0;0;0;0;0;0;0;0;0;0;0;0;0;0;;2865;5766;2880;2877;2874;0;0;0;0;0;0;0;0;0;0;0;;0;0;0;0;0;0;0;0;0;0;0;0;0;0;0;0;;0;0;0;0;0;0;0;0;0;0;0;0;0;0;0;0;;0;0;0;0;0;0;0;0;0;0;0;0;0;0;0;0;;0;0;0;0;0;0;0;0;0;0;0;0;0;0;0;0;0;0;0;0;0;;0;0;0;0;0;0;;0;0;0;0;0;0;;0;0;0;0;0;0;;1;0;0;0;0;0;;
685;1;2024-07-09 10:43:48Z;6;122;30;30;1330;5;0;0;0;0;0;0;34578;;2883;2883;5754;5754;2877;2877;2892;2892;2883;2883;0;0;0;0;0;0;0;0;0;0;0;0;0;0;0;0;0;0;0;0;0;0;;222;317;80;82;0;0;0;0;0;0;0;0;0;0;0;;0;0;0;0;0;0;0;0;0;0;0;0;0;0;0;0;;2883;5754;2877;2892;2883;0;0;0;0;0;0;0;0;0;0;0;;0;0;0;0;0;0;0;0;0;0;0;0;0;0;0;0;;0;0;0;0;0;0;0;0;0;0;0;0;0;0;0;0;;0;0;0;0;0;0;0;0;0;0;0;0;0;0;0;0;;0;0;0;0;0;0;0;0;0;0;0;0;0;0;0;0;0;0;0;0;0;;0;0;0;0;0;0;;0;0;0;0;0;0;;0;0;0;0;0;0;;1;0;0;0;0;0;;
686;1;2024-07-09 10:43:52Z;6;122;30;30;1320;5;0;0;0;0;0;0;34446;;2886;2886;5733;5733;2859;2859;2871;2871;2874;2874;0;0;0;0;0;0;0;0;0;0;0;0;0;0;0;0;0;0;0;0;0;0;;222;317;80;82;0;0;0;0;0;0;0;0;0;0;0;;0;0;0;0;0;0;0;0;0;0;0;0;0;0;0;0;;2886;5733;2859;2871;2874;0;0;0;0;0;0;0;0;0;0;0;;0;0;0;0;0;0;0;0;0;0;0;0;0;0;0;0;;0;0;0;0;0;0;0;0;0;0;0;0;0;0;0;0;;0;0;0;0;0;0;0;0;0;0;0;0;0;0;0;0;;0;0;0;0;0;0;0;0;0;0;0;0;0;0;0;0;0;0;0;0;0;;0;0;0;0;0;0;;0;0;0;0;0;0;;0;0;0;0;0;0;;1;0;0;0;0;0;;
687;1;2024-07-09 10:43:56Z;6;122;30;30;1320;5;0;0;0;0;0;0;34392;;2868;2868;5742;5742;2871;2871;2859;2859;2856;2856;0;0;0;0;0;0;0;0;0;0;0;0;0;0;0;0;0;0;0;0;0;0;;222;317;80;82;0;0;0;0;0;0;0;0;0;0;0;;0;0;0;0;0;0;0;0;0;0;0;0;0;0;0;0;;2868;5742;2871;2859;2856;0;0;0;0;0;0;0;0;0;0;0;;0;0;0;0;0;0;0;0;0;0;0;0;0;0;0;0;;0;0;0;0;0;0;0;0;0;0;0;0;0;0;0;0;;0;0;0;0;0;0;0;0;0;0;0;0;0;0;0;0;;0;0;0;0;0;0;0;0;0;0;0;0;0;0;0;0;0;0;0;0;0;;0;0;0;0;0;0;;0;0;0;0;0;0;;0;0;0;0;0;0;;1;0;0;0;0;0;;
688;1;2024-07-09 10:44:00Z;6;122;30;30;1320;5;0;0;0;0;0;0;34530;;2862;2862;5766;5766;2892;2892;2874;2874;2871;2871;0;0;0;0;0;0;0;0;0;0;0;0;0;0;0;0;0;0;0;0;0;0;;222;317;80;82;0;0;0;0;0;0;0;0;0;0;0;;0;0;0;0;0;0;0;0;0;0;0;0;0;0;0;0;;2862;5766;2892;2874;2871;0;0;0;0;0;0;0;0;0;0;0;;0;0;0;0;0;0;0;0;0;0;0;0;0;0;0;0;;0;0;0;0;0;0;0;0;0;0;0;0;0;0;0;0;;0;0;0;0;0;0;0;0;0;0;0;0;0;0;0;0;;0;0;0;0;0;0;0;0;0;0;0;0;0;0;0;0;0;0;0;0;0;;0;0;0;0;0;0;;0;0;0;0;0;0;;0;0;0;0;0;0;;1;0;0;0;0;0;;
689;1;2024-07-09 10:44:04Z;6;122;30;30;1320;5;0;0;0;0;0;0;34602;;2880;2880;5757;5757;2880;2880;2892;2892;2892;2892;0;0;0;0;0;0;0;0;0;0;0;0;0;0;0;0;0;0;0;0;0;0;;222;317;80;82;0;0;0;0;0;0;0;0;0;0;0;;0;0;0;0;0;0;0;0;0;0;0;0;0;0;0;0;;2880;5757;2880;2892;2892;0;0;0;0;0;0;0;0;0;0;0;;0;0;0;0;0;0;0;0;0;0;0;0;0;0;0;0;;0;0;0;0;0;0;0;0;0;0;0;0;0;0;0;0;;0;0;0;0;0;0;0;0;0;0;0;0;0;0;0;0;;0;0;0;0;0;0;0;0;0;0;0;0;0;0;0;0;0;0;0;0;0;;0;0;0;0;0;0;;0;0;0;0;0;0;;0;0;0;0;0;0;;1;0;0;0;0;0;;
690;1;2024-07-09 10:44:08Z;6;122;30;30;1330;5;0;0;0;0;0;0;34500;;2889;2889;5739;5739;2859;2859;2880;2880;2883;2883;0;0;0;0;0;0;0;0;0;0;0;0;0;0;0;0;0;0;0;0;0;0;;222;317;80;82;0;0;0;0;0;0;0;0;0;0;0;;0;0;0;0;0;0;0;0;0;0;0;0;0;0;0;0;;2889;5739;2859;2880;2883;0;0;0;0;0;0;0;0;0;0;0;;0;0;0;0;0;0;0;0;0;0;0;0;0;0;0;0;;0;0;0;0;0;0;0;0;0;0;0;0;0;0;0;0;;0;0;0;0;0;0;0;0;0;0;0;0;0;0;0;0;;0;0;0;0;0;0;0;0;0;0;0;0;0;0;0;0;0;0;0;0;0;;0;0;0;0;0;0;;0;0;0;0;0;0;;0;0;0;0;0;0;;1;0;0;0;0;0;;
691;1;2024-07-09 10:44:12Z;6;122;30;30;1330;5;0;0;0;0;0;0;34386;;2874;2874;5736;5736;2865;2865;2859;2859;2859;2859;0;0;0;0;0;0;0;0;0;0;0;0;0;0;0;0;0;0;0;0;0;0;;222;317;80;82;0;0;0;0;0;0;0;0;0;0;0;;0;0;0;0;0;0;0;0;0;0;0;0;0;0;0;0;;2874;5736;2865;2859;2859;0;0;0;0;0;0;0;0;0;0;0;;0;0;0;0;0;0;0;0;0;0;0;0;0;0;0;0;;0;0;0;0;0;0;0;0;0;0;0;0;0;0;0;0;;0;0;0;0;0;0;0;0;0;0;0;0;0;0;0;0;;0;0;0;0;0;0;0;0;0;0;0;0;0;0;0;0;0;0;0;0;0;;0;0;0;0;0;0;;0;0;0;0;0;0;;0;0;0;0;0;0;;1;0;0;0;0;0;;
692;1;2024-07-09 10:44:16Z;6;122;30;30;1330;5;0;0;0;0;0;0;34476;;2859;2859;5760;5760;2886;2886;2868;2868;2865;2865;0;0;0;0;0;0;0;0;0;0;0;0;0;0;0;0;0;0;0;0;0;0;;222;317;80;82;0;0;0;0;0;0;0;0;0;0;0;;0;0;0;0;0;0;0;0;0;0;0;0;0;0;0;0;;2859;5760;2886;2868;2865;0;0;0;0;0;0;0;0;0;0;0;;0;0;0;0;0;0;0;0;0;0;0;0;0;0;0;0;;0;0;0;0;0;0;0;0;0;0;0;0;0;0;0;0;;0;0;0;0;0;0;0;0;0;0;0;0;0;0;0;0;;0;0;0;0;0;0;0;0;0;0;0;0;0;0;0;0;0;0;0;0;0;;0;0;0;0;0;0;;0;0;0;0;0;0;;0;0;0;0;0;0;;1;0;0;0;0;0;;
693;1;2024-07-09 10:44:20Z;6;122;30;30;1340;5;0;0;0;0;0;0;34578;;2862;2862;5760;5760;2886;2886;2892;2892;2889;2889;0;0;0;0;0;0;0;0;0;0;0;0;0;0;0;0;0;0;0;0;0;0;;222;317;80;82;0;0;0;0;0;0;0;0;0;0;0;;0;0;0;0;0;0;0;0;0;0;0;0;0;0;0;0;;2862;5760;2886;2892;2889;0;0;0;0;0;0;0;0;0;0;0;;0;0;0;0;0;0;0;0;0;0;0;0;0;0;0;0;;0;0;0;0;0;0;0;0;0;0;0;0;0;0;0;0;;0;0;0;0;0;0;0;0;0;0;0;0;0;0;0;0;;0;0;0;0;0;0;0;0;0;0;0;0;0;0;0;0;0;0;0;0;0;;0;0;0;0;0;0;;0;0;0;0;0;0;;0;0;0;0;0;0;;1;0;0;0;0;0;;
694;1;2024-07-09 10:44:24Z;6;122;30;30;1340;5;0;0;0;0;0;0;34524;;2886;2886;5742;5742;2865;2865;2883;2883;2886;2886;0;0;0;0;0;0;0;0;0;0;0;0;0;0;0;0;0;0;0;0;0;0;;222;317;80;82;0;0;0;0;0;0;0;0;0;0;0;;0;0;0;0;0;0;0;0;0;0;0;0;0;0;0;0;;2886;5742;2865;2883;2886;0;0;0;0;0;0;0;0;0;0;0;;0;0;0;0;0;0;0;0;0;0;0;0;0;0;0;0;;0;0;0;0;0;0;0;0;0;0;0;0;0;0;0;0;;0;0;0;0;0;0;0;0;0;0;0;0;0;0;0;0;;0;0;0;0;0;0;0;0;0;0;0;0;0;0;0;0;0;0;0;0;0;;0;0;0;0;0;0;;0;0;0;0;0;0;;0;0;0;0;0;0;;1;0;0;0;0;0;;
695;1;2024-07-09 10:44:28Z;6;122;30;30;1340;5;0;0;0;0;0;0;34392;;2877;2877;5736;5736;2859;2859;2859;2859;2865;2865;0;0;0;0;0;0;0;0;0;0;0;0;0;0;0;0;0;0;0;0;0;0;;222;317;80;82;0;0;0;0;0;0;0;0;0;0;0;;0;0;0;0;0;0;0;0;0;0;0;0;0;0;0;0;;2877;5736;2859;2859;2865;0;0;0;0;0;0;0;0;0;0;0;;0;0;0;0;0;0;0;0;0;0;0;0;0;0;0;0;;0;0;0;0;0;0;0;0;0;0;0;0;0;0;0;0;;0;0;0;0;0;0;0;0;0;0;0;0;0;0;0;0;;0;0;0;0;0;0;0;0;0;0;0;0;0;0;0;0;0;0;0;0;0;;0;0;0;0;0;0;;0;0;0;0;0;0;;0;0;0;0;0;0;;1;0;0;0;0;0;;
696;1;2024-07-09 10:44:32Z;6;122;30;30;1340;5;0;0;0;0;0;0;34488;;2862;2862;5760;5760;2886;2886;2871;2871;2865;2865;0;0;0;0;0;0;0;0;0;0;0;0;0;0;0;0;0;0;0;0;0;0;;222;317;80;82;0;0;0;0;0;0;0;0;0;0;0;;0;0;0;0;0;0;0;0;0;0;0;0;0;0;0;0;;2862;5760;2886;2871;2865;0;0;0;0;0;0;0;0;0;0;0;;0;0;0;0;0;0;0;0;0;0;0;0;0;0;0;0;;0;0;0;0;0;0;0;0;0;0;0;0;0;0;0;0;;0;0;0;0;0;0;0;0;0;0;0;0;0;0;0;0;;0;0;0;0;0;0;0;0;0;0;0;0;0;0;0;0;0;0;0;0;0;;0;0;0;0;0;0;;0;0;0;0;0;0;;0;0;0;0;0;0;;1;0;0;0;0;0;;
697;1;2024-07-09 10:44:36Z;6;122;30;30;1340;5;0;0;0;0;0;0;34608;;2874;2874;5763;5763;2886;2886;2892;2892;2889;2889;0;0;0;0;0;0;0;0;0;0;0;0;0;0;0;0;0;0;0;0;0;0;;222;317;80;82;0;0;0;0;0;0;0;0;0;0;0;;0;0;0;0;0;0;0;0;0;0;0;0;0;0;0;0;;2874;5763;2886;2892;2889;0;0;0;0;0;0;0;0;0;0;0;;0;0;0;0;0;0;0;0;0;0;0;0;0;0;0;0;;0;0;0;0;0;0;0;0;0;0;0;0;0;0;0;0;;0;0;0;0;0;0;0;0;0;0;0;0;0;0;0;0;;0;0;0;0;0;0;0;0;0;0;0;0;0;0;0;0;0;0;0;0;0;;0;0;0;0;0;0;;0;0;0;0;0;0;;0;0;0;0;0;0;;1;0;0;0;0;0;;
698;1;2024-07-09 10:44:40Z;6;122;30;30;1340;5;0;0;0;0;0;0;34518;;2892;2892;5742;5742;2862;2862;2880;2880;2883;2883;0;0;0;0;0;0;0;0;0;0;0;0;0;0;0;0;0;0;0;0;0;0;;222;317;80;82;0;0;0;0;0;0;0;0;0;0;0;;0;0;0;0;0;0;0;0;0;0;0;0;0;0;0;0;;2892;5742;2862;2880;2883;0;0;0;0;0;0;0;0;0;0;0;;0;0;0;0;0;0;0;0;0;0;0;0;0;0;0;0;;0;0;0;0;0;0;0;0;0;0;0;0;0;0;0;0;;0;0;0;0;0;0;0;0;0;0;0;0;0;0;0;0;;0;0;0;0;0;0;0;0;0;0;0;0;0;0;0;0;0;0;0;0;0;;0;0;0;0;0;0;;0;0;0;0;0;0;;0;0;0;0;0;0;;1;0;0;0;0;0;;
699;1;2024-07-09 10:44:44Z;6;122;30;30;1330;5;0;0;0;0;0;0;34380;;2874;2874;5730;5730;2865;2865;2859;2859;2862;2862;0;0;0;0;0;0;0;0;0;0;0;0;0;0;0;0;0;0;0;0;0;0;;222;317;80;82;0;0;0;0;0;0;0;0;0;0;0;;0;0;0;0;0;0;0;0;0;0;0;0;0;0;0;0;;2874;5730;2865;2859;2862;0;0;0;0;0;0;0;0;0;0;0;;0;0;0;0;0;0;0;0;0;0;0;0;0;0;0;0;;0;0;0;0;0;0;0;0;0;0;0;0;0;0;0;0;;0;0;0;0;0;0;0;0;0;0;0;0;0;0;0;0;;0;0;0;0;0;0;0;0;0;0;0;0;0;0;0;0;0;0;0;0;0;;0;0;0;0;0;0;;0;0;0;0;0;0;;0;0;0;0;0;0;;1;0;0;0;0;0;;
700;1;2024-07-09 10:44:48Z;6;122;30;30;1330;5;0;0;0;0;0;0;34518;;2859;2859;5763;5763;2892;2892;2874;2874;2871;2871;0;0;0;0;0;0;0;0;0;0;0;0;0;0;0;0;0;0;0;0;0;0;;222;317;79;82;0;0;0;0;0;0;0;0;0;0;0;;0;0;0;0;0;0;0;0;0;0;0;0;0;0;0;0;;2859;5763;2892;2874;2871;0;0;0;0;0;0;0;0;0;0;0;;0;0;0;0;0;0;0;0;0;0;0;0;0;0;0;0;;0;0;0;0;0;0;0;0;0;0;0;0;0;0;0;0;;0;0;0;0;0;0;0;0;0;0;0;0;0;0;0;0;;0;0;0;0;0;0;0;0;0;0;0;0;0;0;0;0;0;0;0;0;0;;0;0;0;0;0;0;;0;0;0;0;0;0;;0;0;0;0;0;0;;1;0;0;0;0;0;;
701;1;2024-07-09 10:44:52Z;6;122;30;30;1320;5;0;0;0;0;0;0;34596;;2883;2883;5754;5754;2877;2877;2892;2892;2892;2892;0;0;0;0;0;0;0;0;0;0;0;0;0;0;0;0;0;0;0;0;0;0;;222;317;80;82;0;0;0;0;0;0;0;0;0;0;0;;0;0;0;0;0;0;0;0;0;0;0;0;0;0;0;0;;2883;5754;2877;2892;2892;0;0;0;0;0;0;0;0;0;0;0;;0;0;0;0;0;0;0;0;0;0;0;0;0;0;0;0;;0;0;0;0;0;0;0;0;0;0;0;0;0;0;0;0;;0;0;0;0;0;0;0;0;0;0;0;0;0;0;0;0;;0;0;0;0;0;0;0;0;0;0;0;0;0;0;0;0;0;0;0;0;0;;0;0;0;0;0;0;;0;0;0;0;0;0;;0;0;0;0;0;0;;1;0;0;0;0;0;;
702;1;2024-07-09 10:44:56Z;6;122;30;30;1330;5;0;0;0;0;0;0;34422;;2880;2880;5733;5733;2859;2859;2868;2868;2871;2871;0;0;0;0;0;0;0;0;0;0;0;0;0;0;0;0;0;0;0;0;0;0;;222;317;80;82;0;0;0;0;0;0;0;0;0;0;0;;0;0;0;0;0;0;0;0;0;0;0;0;0;0;0;0;;2880;5733;2859;2868;2871;0;0;0;0;0;0;0;0;0;0;0;;0;0;0;0;0;0;0;0;0;0;0;0;0;0;0;0;;0;0;0;0;0;0;0;0;0;0;0;0;0;0;0;0;;0;0;0;0;0;0;0;0;0;0;0;0;0;0;0;0;;0;0;0;0;0;0;0;0;0;0;0;0;0;0;0;0;0;0;0;0;0;;0;0;0;0;0;0;;0;0;0;0;0;0;;0;0;0;0;0;0;;1;0;0;0;0;0;;
703;1;2024-07-09 10:45:00Z;6;122;30;30;1330;5;0;0;0;0;0;0;34428;;2859;2859;5754;5754;2883;2883;2856;2856;2862;2862;0;0;0;0;0;0;0;0;0;0;0;0;0;0;0;0;0;0;0;0;0;0;;222;317;80;82;0;0;0;0;0;0;0;0;0;0;0;;0;0;0;0;0;0;0;0;0;0;0;0;0;0;0;0;;2859;5754;2883;2856;2862;0;0;0;0;0;0;0;0;0;0;0;;0;0;0;0;0;0;0;0;0;0;0;0;0;0;0;0;;0;0;0;0;0;0;0;0;0;0;0;0;0;0;0;0;;0;0;0;0;0;0;0;0;0;0;0;0;0;0;0;0;;0;0;0;0;0;0;0;0;0;0;0;0;0;0;0;0;0;0;0;0;0;;0;0;0;0;0;0;;0;0;0;0;0;0;;0;0;0;0;0;0;;1;0;0;0;0;0;;
704;1;2024-07-09 10:45:04Z;6;122;30;30;1320;5;0;0;0;0;0;0;34578;;2871;2871;5763;5763;2874;2874;2892;2892;2889;2889;0;0;0;0;0;0;0;0;0;0;0;0;0;0;0;0;0;0;0;0;0;0;;222;317;80;82;0;0;0;0;0;0;0;0;0;0;0;;0;0;0;0;0;0;0;0;0;0;0;0;0;0;0;0;;2871;5763;2874;2892;2889;0;0;0;0;0;0;0;0;0;0;0;;0;0;0;0;0;0;0;0;0;0;0;0;0;0;0;0;;0;0;0;0;0;0;0;0;0;0;0;0;0;0;0;0;;0;0;0;0;0;0;0;0;0;0;0;0;0;0;0;0;;0;0;0;0;0;0;0;0;0;0;0;0;0;0;0;0;0;0;0;0;0;;0;0;0;0;0;0;;0;0;0;0;0;0;;0;0;0;0;0;0;;1;0;0;0;0;0;;
705;1;2024-07-09 10:45:08Z;6;122;30;30;1320;5;0;0;0;0;0;0;34524;;2889;2889;5745;5745;2868;2868;2886;2886;2874;2874;0;0;0;0;0;0;0;0;0;0;0;0;0;0;0;0;0;0;0;0;0;0;;222;317;80;82;0;0;0;0;0;0;0;0;0;0;0;;0;0;0;0;0;0;0;0;0;0;0;0;0;0;0;0;;2889;5745;2868;2886;2874;0;0;0;0;0;0;0;0;0;0;0;;0;0;0;0;0;0;0;0;0;0;0;0;0;0;0;0;;0;0;0;0;0;0;0;0;0;0;0;0;0;0;0;0;;0;0;0;0;0;0;0;0;0;0;0;0;0;0;0;0;;0;0;0;0;0;0;0;0;0;0;0;0;0;0;0;0;0;0;0;0;0;;0;0;0;0;0;0;;0;0;0;0;0;0;;0;0;0;0;0;0;;1;0;0;0;0;0;;
706;1;2024-07-09 10:45:12Z;6;122;30;30;1320;5;0;0;0;0;0;0;34410;;2880;2880;5733;5733;2859;2859;2865;2865;2868;2868;0;0;0;0;0;0;0;0;0;0;0;0;0;0;0;0;0;0;0;0;0;0;;222;317;80;82;0;0;0;0;0;0;0;0;0;0;0;;0;0;0;0;0;0;0;0;0;0;0;0;0;0;0;0;;2880;5733;2859;2865;2868;0;0;0;0;0;0;0;0;0;0;0;;0;0;0;0;0;0;0;0;0;0;0;0;0;0;0;0;;0;0;0;0;0;0;0;0;0;0;0;0;0;0;0;0;;0;0;0;0;0;0;0;0;0;0;0;0;0;0;0;0;;0;0;0;0;0;0;0;0;0;0;0;0;0;0;0;0;0;0;0;0;0;;0;0;0;0;0;0;;0;0;0;0;0;0;;0;0;0;0;0;0;;1;0;0;0;0;0;;
707;1;2024-07-09 10:45:16Z;6;122;30;30;1320;5;0;0;0;0;0;0;34392;;2865;2865;5745;5745;2874;2874;2856;2856;2856;2856;0;0;0;0;0;0;0;0;0;0;0;0;0;0;0;0;0;0;0;0;0;0;;222;317;80;82;0;0;0;0;0;0;0;0;0;0;0;;0;0;0;0;0;0;0;0;0;0;0;0;0;0;0;0;;2865;5745;2874;2856;2856;0;0;0;0;0;0;0;0;0;0;0;;0;0;0;0;0;0;0;0;0;0;0;0;0;0;0;0;;0;0;0;0;0;0;0;0;0;0;0;0;0;0;0;0;;0;0;0;0;0;0;0;0;0;0;0;0;0;0;0;0;;0;0;0;0;0;0;0;0;0;0;0;0;0;0;0;0;0;0;0;0;0;;0;0;0;0;0;0;;0;0;0;0;0;0;;0;0;0;0;0;0;;1;0;0;0;0;0;;
708;1;2024-07-09 10:45:20Z;6;122;30;30;1320;5;0;0;0;0;0;0;34500;;2859;2859;5763;5763;2889;2889;2871;2871;2868;2868;0;0;0;0;0;0;0;0;0;0;0;0;0;0;0;0;0;0;0;0;0;0;;222;317;80;82;0;0;0;0;0;0;0;0;0;0;0;;0;0;0;0;0;0;0;0;0;0;0;0;0;0;0;0;;2859;5763;2889;2871;2868;0;0;0;0;0;0;0;0;0;0;0;;0;0;0;0;0;0;0;0;0;0;0;0;0;0;0;0;;0;0;0;0;0;0;0;0;0;0;0;0;0;0;0;0;;0;0;0;0;0;0;0;0;0;0;0;0;0;0;0;0;;0;0;0;0;0;0;0;0;0;0;0;0;0;0;0;0;0;0;0;0;0;;0;0;0;0;0;0;;0;0;0;0;0;0;;0;0;0;0;0;0;;1;0;0;0;0;0;;
709;1;2024-07-09 10:45:24Z;6;122;30;30;1320;5;0;0;0;0;0;0;34626;;2874;2874;5766;5766;2889;2889;2895;2895;2889;2889;0;0;0;0;0;0;0;0;0;0;0;0;0;0;0;0;0;0;0;0;0;0;;222;317;80;82;0;0;0;0;0;0;0;0;0;0;0;;0;0;0;0;0;0;0;0;0;0;0;0;0;0;0;0;;2874;5766;2889;2895;2889;0;0;0;0;0;0;0;0;0;0;0;;0;0;0;0;0;0;0;0;0;0;0;0;0;0;0;0;;0;0;0;0;0;0;0;0;0;0;0;0;0;0;0;0;;0;0;0;0;0;0;0;0;0;0;0;0;0;0;0;0;;0;0;0;0;0;0;0;0;0;0;0;0;0;0;0;0;0;0;0;0;0;;0;0;0;0;0;0;;0;0;0;0;0;0;;0;0;0;0;0;0;;1;0;0;0;0;0;;
710;1;2024-07-09 10:45:28Z;6;122;30;30;1320;5;0;0;0;0;0;0;34596;;2892;2892;5751;5751;2871;2871;2889;2889;2895;2895;0;0;0;0;0;0;0;0;0;0;0;0;0;0;0;0;0;0;0;0;0;0;;222;317;80;82;0;0;0;0;0;0;0;0;0;0;0;;0;0;0;0;0;0;0;0;0;0;0;0;0;0;0;0;;2892;5751;2871;2889;2895;0;0;0;0;0;0;0;0;0;0;0;;0;0;0;0;0;0;0;0;0;0;0;0;0;0;0;0;;0;0;0;0;0;0;0;0;0;0;0;0;0;0;0;0;;0;0;0;0;0;0;0;0;0;0;0;0;0;0;0;0;;0;0;0;0;0;0;0;0;0;0;0;0;0;0;0;0;0;0;0;0;0;;0;0;0;0;0;0;;0;0;0;0;0;0;;0;0;0;0;0;0;;1;0;0;0;0;0;;
711;1;2024-07-09 10:45:32Z;6;122;30;30;1320;5;0;0;0;0;0;0;34458;;2886;2886;5739;5739;2859;2859;2871;2871;2874;2874;0;0;0;0;0;0;0;0;0;0;0;0;0;0;0;0;0;0;0;0;0;0;;222;317;80;82;0;0;0;0;0;0;0;0;0;0;0;;0;0;0;0;0;0;0;0;0;0;0;0;0;0;0;0;;2886;5739;2859;2871;2874;0;0;0;0;0;0;0;0;0;0;0;;0;0;0;0;0;0;0;0;0;0;0;0;0;0;0;0;;0;0;0;0;0;0;0;0;0;0;0;0;0;0;0;0;;0;0;0;0;0;0;0;0;0;0;0;0;0;0;0;0;;0;0;0;0;0;0;0;0;0;0;0;0;0;0;0;0;0;0;0;0;0;;0;0;0;0;0;0;;0;0;0;0;0;0;;0;0;0;0;0;0;;1;0;0;0;0;0;;
712;1;2024-07-09 10:45:36Z;6;122;30;30;1320;5;0;0;0;0;0;0;34452;;2868;2868;5754;5754;2880;2880;2862;2862;2862;2862;0;0;0;0;0;0;0;0;0;0;0;0;0;0;0;0;0;0;0;0;0;0;;222;317;80;82;0;0;0;0;0;0;0;0;0;0;0;;0;0;0;0;0;0;0;0;0;0;0;0;0;0;0;0;;2868;5754;2880;2862;2862;0;0;0;0;0;0;0;0;0;0;0;;0;0;0;0;0;0;0;0;0;0;0;0;0;0;0;0;;0;0;0;0;0;0;0;0;0;0;0;0;0;0;0;0;;0;0;0;0;0;0;0;0;0;0;0;0;0;0;0;0;;0;0;0;0;0;0;0;0;0;0;0;0;0;0;0;0;0;0;0;0;0;;0;0;0;0;0;0;;0;0;0;0;0;0;;0;0;0;0;0;0;;1;0;0;0;0;0;;
713;1;2024-07-09 10:45:40Z;6;122;30;30;1320;5;0;0;0;0;0;0;34566;;2853;2853;5769;5769;2895;2895;2886;2886;2880;2880;0;0;0;0;0;0;0;0;0;0;0;0;0;0;0;0;0;0;0;0;0;0;;222;317;80;82;0;0;0;0;0;0;0;0;0;0;0;;0;0;0;0;0;0;0;0;0;0;0;0;0;0;0;0;;2853;5769;2895;2886;2880;0;0;0;0;0;0;0;0;0;0;0;;0;0;0;0;0;0;0;0;0;0;0;0;0;0;0;0;;0;0;0;0;0;0;0;0;0;0;0;0;0;0;0;0;;0;0;0;0;0;0;0;0;0;0;0;0;0;0;0;0;;0;0;0;0;0;0;0;0;0;0;0;0;0;0;0;0;0;0;0;0;0;;0;0;0;0;0;0;;0;0;0;0;0;0;;0;0;0;0;0;0;;1;0;0;0;0;0;;
714;1;2024-07-09 10:45:44Z;6;122;30;30;1320;5;0;0;0;0;0;0;34626;;2886;2886;5757;5757;2880;2880;2895;2895;2895;2895;0;0;0;0;0;0;0;0;0;0;0;0;0;0;0;0;0;0;0;0;0;0;;222;317;80;82;0;0;0;0;0;0;0;0;0;0;0;;0;0;0;0;0;0;0;0;0;0;0;0;0;0;0;0;;2886;5757;2880;2895;2895;0;0;0;0;0;0;0;0;0;0;0;;0;0;0;0;0;0;0;0;0;0;0;0;0;0;0;0;;0;0;0;0;0;0;0;0;0;0;0;0;0;0;0;0;;0;0;0;0;0;0;0;0;0;0;0;0;0;0;0;0;;0;0;0;0;0;0;0;0;0;0;0;0;0;0;0;0;0;0;0;0;0;;0;0;0;0;0;0;;0;0;0;0;0;0;;0;0;0;0;0;0;;1;0;0;0;0;0;;
715;1;2024-07-09 10:45:48Z;6;122;30;30;1320;5;0;0;0;0;0;0;34506;;2889;2889;5739;5739;2862;2862;2880;2880;2883;2883;0;0;0;0;0;0;0;0;0;0;0;0;0;0;0;0;0;0;0;0;0;0;;222;317;80;82;0;0;0;0;0;0;0;0;0;0;0;;0;0;0;0;0;0;0;0;0;0;0;0;0;0;0;0;;2889;5739;2862;2880;2883;0;0;0;0;0;0;0;0;0;0;0;;0;0;0;0;0;0;0;0;0;0;0;0;0;0;0;0;;0;0;0;0;0;0;0;0;0;0;0;0;0;0;0;0;;0;0;0;0;0;0;0;0;0;0;0;0;0;0;0;0;;0;0;0;0;0;0;0;0;0;0;0;0;0;0;0;0;0;0;0;0;0;;0;0;0;0;0;0;;0;0;0;0;0;0;;0;0;0;0;0;0;;1;0;0;0;0;0;;
716;1;2024-07-09 10:45:52Z;6;122;30;30;1330;5;0;0;0;0;0;0;34410;;2871;2871;5739;5739;2871;2871;2859;2859;2865;2865;0;0;0;0;0;0;0;0;0;0;0;0;0;0;0;0;0;0;0;0;0;0;;222;317;80;82;0;0;0;0;0;0;0;0;0;0;0;;0;0;0;0;0;0;0;0;0;0;0;0;0;0;0;0;;2871;5739;2871;2859;2865;0;0;0;0;0;0;0;0;0;0;0;;0;0;0;0;0;0;0;0;0;0;0;0;0;0;0;0;;0;0;0;0;0;0;0;0;0;0;0;0;0;0;0;0;;0;0;0;0;0;0;0;0;0;0;0;0;0;0;0;0;;0;0;0;0;0;0;0;0;0;0;0;0;0;0;0;0;0;0;0;0;0;;0;0;0;0;0;0;;0;0;0;0;0;0;;0;0;0;0;0;0;;1;0;0;0;0;0;;
717;1;2024-07-09 10:45:56Z;6;122;30;30;1320;5;0;0;0;0;0;0;34506;;2862;2862;5763;5763;2889;2889;2871;2871;2868;2868;0;0;0;0;0;0;0;0;0;0;0;0;0;0;0;0;0;0;0;0;0;0;;222;317;80;82;0;0;0;0;0;0;0;0;0;0;0;;0;0;0;0;0;0;0;0;0;0;0;0;0;0;0;0;;2862;5763;2889;2871;2868;0;0;0;0;0;0;0;0;0;0;0;;0;0;0;0;0;0;0;0;0;0;0;0;0;0;0;0;;0;0;0;0;0;0;0;0;0;0;0;0;0;0;0;0;;0;0;0;0;0;0;0;0;0;0;0;0;0;0;0;0;;0;0;0;0;0;0;0;0;0;0;0;0;0;0;0;0;0;0;0;0;0;;0;0;0;0;0;0;;0;0;0;0;0;0;;0;0;0;0;0;0;;1;0;0;0;0;0;;
718;1;2024-07-09 10:46:00Z;6;122;30;30;1330;5;0;0;0;0;0;0;34614;;2871;2871;5766;5766;2892;2892;2892;2892;2886;2886;0;0;0;0;0;0;0;0;0;0;0;0;0;0;0;0;0;0;0;0;0;0;;222;317;80;82;0;0;0;0;0;0;0;0;0;0;0;;0;0;0;0;0;0;0;0;0;0;0;0;0;0;0;0;;2871;5766;2892;2892;2886;0;0;0;0;0;0;0;0;0;0;0;;0;0;0;0;0;0;0;0;0;0;0;0;0;0;0;0;;0;0;0;0;0;0;0;0;0;0;0;0;0;0;0;0;;0;0;0;0;0;0;0;0;0;0;0;0;0;0;0;0;;0;0;0;0;0;0;0;0;0;0;0;0;0;0;0;0;0;0;0;0;0;;0;0;0;0;0;0;;0;0;0;0;0;0;;0;0;0;0;0;0;;1;0;0;0;0;0;;
719;1;2024-07-09 10:46:04Z;6;122;30;30;1330;5;0;0;0;0;0;0;34584;;2892;2892;5736;5736;2877;2877;2892;2892;2895;2895;0;0;0;0;0;0;0;0;0;0;0;0;0;0;0;0;0;0;0;0;0;0;;222;317;80;82;0;0;0;0;0;0;0;0;0;0;0;;0;0;0;0;0;0;0;0;0;0;0;0;0;0;0;0;;2892;5736;2877;2892;2895;0;0;0;0;0;0;0;0;0;0;0;;0;0;0;0;0;0;0;0;0;0;0;0;0;0;0;0;;0;0;0;0;0;0;0;0;0;0;0;0;0;0;0;0;;0;0;0;0;0;0;0;0;0;0;0;0;0;0;0;0;;0;0;0;0;0;0;0;0;0;0;0;0;0;0;0;0;0;0;0;0;0;;0;0;0;0;0;0;;0;0;0;0;0;0;;0;0;0;0;0;0;;1;0;0;0;0;0;;
720;1;2024-07-09 10:46:08Z;6;122;30;30;1340;5;0;0;0;0;0;0;34494;;2889;2889;5739;5739;2862;2862;2877;2877;2880;2880;0;0;0;0;0;0;0;0;0;0;0;0;0;0;0;0;0;0;0;0;0;0;;222;317;80;82;0;0;0;0;0;0;0;0;0;0;0;;0;0;0;0;0;0;0;0;0;0;0;0;0;0;0;0;;2889;5739;2862;2877;2880;0;0;0;0;0;0;0;0;0;0;0;;0;0;0;0;0;0;0;0;0;0;0;0;0;0;0;0;;0;0;0;0;0;0;0;0;0;0;0;0;0;0;0;0;;0;0;0;0;0;0;0;0;0;0;0;0;0;0;0;0;;0;0;0;0;0;0;0;0;0;0;0;0;0;0;0;0;0;0;0;0;0;;0;0;0;0;0;0;;0;0;0;0;0;0;;0;0;0;0;0;0;;1;0;0;0;0;0;;
721;1;2024-07-09 10:46:12Z;6;122;30;30;1340;5;0;0;0;0;0;0;34410;;2877;2877;5742;5742;2865;2865;2859;2859;2862;2862;0;0;0;0;0;0;0;0;0;0;0;0;0;0;0;0;0;0;0;0;0;0;;222;317;80;82;0;0;0;0;0;0;0;0;0;0;0;;0;0;0;0;0;0;0;0;0;0;0;0;0;0;0;0;;2877;5742;2865;2859;2862;0;0;0;0;0;0;0;0;0;0;0;;0;0;0;0;0;0;0;0;0;0;0;0;0;0;0;0;;0;0;0;0;0;0;0;0;0;0;0;0;0;0;0;0;;0;0;0;0;0;0;0;0;0;0;0;0;0;0;0;0;;0;0;0;0;0;0;0;0;0;0;0;0;0;0;0;0;0;0;0;0;0;;0;0;0;0;0;0;;0;0;0;0;0;0;;0;0;0;0;0;0;;1;0;0;0;0;0;;
722;1;2024-07-09 10:46:16Z;6;122;30;30;1340;5;0;0;0;0;0;0;34470;;2862;2862;5760;5760;2886;2886;2865;2865;2862;2862;0;0;0;0;0;0;0;0;0;0;0;0;0;0;0;0;0;0;0;0;0;0;;222;317;79;82;0;0;0;0;0;0;0;0;0;0;0;;0;0;0;0;0;0;0;0;0;0;0;0;0;0;0;0;;2862;5760;2886;2865;2862;0;0;0;0;0;0;0;0;0;0;0;;0;0;0;0;0;0;0;0;0;0;0;0;0;0;0;0;;0;0;0;0;0;0;0;0;0;0;0;0;0;0;0;0;;0;0;0;0;0;0;0;0;0;0;0;0;0;0;0;0;;0;0;0;0;0;0;0;0;0;0;0;0;0;0;0;0;0;0;0;0;0;;0;0;0;0;0;0;;0;0;0;0;0;0;;0;0;0;0;0;0;;1;0;0;0;0;0;;
723;1;2024-07-09 10:46:20Z;6;122;30;30;1340;5;0;0;0;0;0;0;34596;;2871;2871;5769;5769;2892;2892;2880;2880;2886;2886;0;0;0;0;0;0;0;0;0;0;0;0;0;0;0;0;0;0;0;0;0;0;;222;317;80;82;0;0;0;0;0;0;0;0;0;0;0;;0;0;0;0;0;0;0;0;0;0;0;0;0;0;0;0;;2871;5769;2892;2880;2886;0;0;0;0;0;0;0;0;0;0;0;;0;0;0;0;0;0;0;0;0;0;0;0;0;0;0;0;;0;0;0;0;0;0;0;0;0;0;0;0;0;0;0;0;;0;0;0;0;0;0;0;0;0;0;0;0;0;0;0;0;;0;0;0;0;0;0;0;0;0;0;0;0;0;0;0;0;0;0;0;0;0;;0;0;0;0;0;0;;0;0;0;0;0;0;;0;0;0;0;0;0;;1;0;0;0;0;0;;
724;1;2024-07-09 10:46:24Z;6;122;30;30;1320;5;0;0;0;0;0;0;34596;;2889;2889;5754;5754;2865;2865;2895;2895;2895;2895;0;0;0;0;0;0;0;0;0;0;0;0;0;0;0;0;0;0;0;0;0;0;;222;317;80;82;0;0;0;0;0;0;0;0;0;0;0;;0;0;0;0;0;0;0;0;0;0;0;0;0;0;0;0;;2889;5754;2865;2895;2895;0;0;0;0;0;0;0;0;0;0;0;;0;0;0;0;0;0;0;0;0;0;0;0;0;0;0;0;;0;0;0;0;0;0;0;0;0;0;0;0;0;0;0;0;;0;0;0;0;0;0;0;0;0;0;0;0;0;0;0;0;;0;0;0;0;0;0;0;0;0;0;0;0;0;0;0;0;0;0;0;0;0;;0;0;0;0;0;0;;0;0;0;0;0;0;;0;0;0;0;0;0;;1;0;0;0;0;0;;
725;1;2024-07-09 10:46:28Z;6;122;30;30;1320;5;0;0;0;0;0;0;34464;;2889;2889;5736;5736;2862;2862;2874;2874;2871;2871;0;0;0;0;0;0;0;0;0;0;0;0;0;0;0;0;0;0;0;0;0;0;;222;317;80;82;0;0;0;0;0;0;0;0;0;0;0;;0;0;0;0;0;0;0;0;0;0;0;0;0;0;0;0;;2889;5736;2862;2874;2871;0;0;0;0;0;0;0;0;0;0;0;;0;0;0;0;0;0;0;0;0;0;0;0;0;0;0;0;;0;0;0;0;0;0;0;0;0;0;0;0;0;0;0;0;;0;0;0;0;0;0;0;0;0;0;0;0;0;0;0;0;;0;0;0;0;0;0;0;0;0;0;0;0;0;0;0;0;0;0;0;0;0;;0;0;0;0;0;0;;0;0;0;0;0;0;;0;0;0;0;0;0;;1;0;0;0;0;0;;
726;1;2024-07-09 10:46:32Z;6;122;30;30;1320;5;0;0;0;0;0;0;34416;;2874;2874;5742;5742;2871;2871;2859;2859;2862;2862;0;0;0;0;0;0;0;0;0;0;0;0;0;0;0;0;0;0;0;0;0;0;;222;317;79;82;0;0;0;0;0;0;0;0;0;0;0;;0;0;0;0;0;0;0;0;0;0;0;0;0;0;0;0;;2874;5742;2871;2859;2862;0;0;0;0;0;0;0;0;0;0;0;;0;0;0;0;0;0;0;0;0;0;0;0;0;0;0;0;;0;0;0;0;0;0;0;0;0;0;0;0;0;0;0;0;;0;0;0;0;0;0;0;0;0;0;0;0;0;0;0;0;;0;0;0;0;0;0;0;0;0;0;0;0;0;0;0;0;0;0;0;0;0;;0;0;0;0;0;0;;0;0;0;0;0;0;;0;0;0;0;0;0;;1;0;0;0;0;0;;
727;1;2024-07-09 10:46:36Z;6;122;30;30;1320;5;0;0;0;0;0;0;34512;;2862;2862;5766;5766;2889;2889;2871;2871;2868;2868;0;0;0;0;0;0;0;0;0;0;0;0;0;0;0;0;0;0;0;0;0;0;;222;317;80;82;0;0;0;0;0;0;0;0;0;0;0;;0;0;0;0;0;0;0;0;0;0;0;0;0;0;0;0;;2862;5766;2889;2871;2868;0;0;0;0;0;0;0;0;0;0;0;;0;0;0;0;0;0;0;0;0;0;0;0;0;0;0;0;;0;0;0;0;0;0;0;0;0;0;0;0;0;0;0;0;;0;0;0;0;0;0;0;0;0;0;0;0;0;0;0;0;;0;0;0;0;0;0;0;0;0;0;0;0;0;0;0;0;0;0;0;0;0;;0;0;0;0;0;0;;0;0;0;0;0;0;;0;0;0;0;0;0;;1;0;0;0;0;0;;
728;1;2024-07-09 10:46:40Z;6;122;30;30;1330;5;0;0;0;0;0;0;34632;;2877;2877;5766;5766;2892;2892;2892;2892;2889;2889;0;0;0;0;0;0;0;0;0;0;0;0;0;0;0;0;0;0;0;0;0;0;;222;317;80;82;0;0;0;0;0;0;0;0;0;0;0;;0;0;0;0;0;0;0;0;0;0;0;0;0;0;0;0;;2877;5766;2892;2892;2889;0;0;0;0;0;0;0;0;0;0;0;;0;0;0;0;0;0;0;0;0;0;0;0;0;0;0;0;;0;0;0;0;0;0;0;0;0;0;0;0;0;0;0;0;;0;0;0;0;0;0;0;0;0;0;0;0;0;0;0;0;;0;0;0;0;0;0;0;0;0;0;0;0;0;0;0;0;0;0;0;0;0;;0;0;0;0;0;0;;0;0;0;0;0;0;;0;0;0;0;0;0;;1;0;0;0;0;0;;
729;1;2024-07-09 10:46:44Z;6;122;30;30;1330;5;0;0;0;0;0;0;34602;;2892;2892;5751;5751;2874;2874;2892;2892;2892;2892;0;0;0;0;0;0;0;0;0;0;0;0;0;0;0;0;0;0;0;0;0;0;;222;317;80;82;0;0;0;0;0;0;0;0;0;0;0;;0;0;0;0;0;0;0;0;0;0;0;0;0;0;0;0;;2892;5751;2874;2892;2892;0;0;0;0;0;0;0;0;0;0;0;;0;0;0;0;0;0;0;0;0;0;0;0;0;0;0;0;;0;0;0;0;0;0;0;0;0;0;0;0;0;0;0;0;;0;0;0;0;0;0;0;0;0;0;0;0;0;0;0;0;;0;0;0;0;0;0;0;0;0;0;0;0;0;0;0;0;0;0;0;0;0;;0;0;0;0;0;0;;0;0;0;0;0;0;;0;0;0;0;0;0;;1;0;0;0;0;0;;
730;1;2024-07-09 10:46:48Z;6;122;30;30;1320;5;0;0;0;0;0;0;34458;;2886;2886;5736;5736;2859;2859;2871;2871;2877;2877;0;0;0;0;0;0;0;0;0;0;0;0;0;0;0;0;0;0;0;0;0;0;;222;317;80;82;0;0;0;0;0;0;0;0;0;0;0;;0;0;0;0;0;0;0;0;0;0;0;0;0;0;0;0;;2886;5736;2859;2871;2877;0;0;0;0;0;0;0;0;0;0;0;;0;0;0;0;0;0;0;0;0;0;0;0;0;0;0;0;;0;0;0;0;0;0;0;0;0;0;0;0;0;0;0;0;;0;0;0;0;0;0;0;0;0;0;0;0;0;0;0;0;;0;0;0;0;0;0;0;0;0;0;0;0;0;0;0;0;0;0;0;0;0;;0;0;0;0;0;0;;0;0;0;0;0;0;;0;0;0;0;0;0;;1;0;0;0;0;0;;
731;1;2024-07-09 10:46:52Z;6;122;30;30;1320;5;0;0;0;0;0;0;34422;;2868;2868;5745;5745;2874;2874;2862;2862;2862;2862;0;0;0;0;0;0;0;0;0;0;0;0;0;0;0;0;0;0;0;0;0;0;;222;317;80;82;0;0;0;0;0;0;0;0;0;0;0;;0;0;0;0;0;0;0;0;0;0;0;0;0;0;0;0;;2868;5745;2874;2862;2862;0;0;0;0;0;0;0;0;0;0;0;;0;0;0;0;0;0;0;0;0;0;0;0;0;0;0;0;;0;0;0;0;0;0;0;0;0;0;0;0;0;0;0;0;;0;0;0;0;0;0;0;0;0;0;0;0;0;0;0;0;;0;0;0;0;0;0;0;0;0;0;0;0;0;0;0;0;0;0;0;0;0;;0;0;0;0;0;0;;0;0;0;0;0;0;;0;0;0;0;0;0;;1;0;0;0;0;0;;
732;1;2024-07-09 10:46:56Z;6;122;30;30;1330;5;0;0;0;0;0;0;34548;;2862;2862;5766;5766;2895;2895;2877;2877;2874;2874;0;0;0;0;0;0;0;0;0;0;0;0;0;0;0;0;0;0;0;0;0;0;;222;317;80;82;0;0;0;0;0;0;0;0;0;0;0;;0;0;0;0;0;0;0;0;0;0;0;0;0;0;0;0;;2862;5766;2895;2877;2874;0;0;0;0;0;0;0;0;0;0;0;;0;0;0;0;0;0;0;0;0;0;0;0;0;0;0;0;;0;0;0;0;0;0;0;0;0;0;0;0;0;0;0;0;;0;0;0;0;0;0;0;0;0;0;0;0;0;0;0;0;;0;0;0;0;0;0;0;0;0;0;0;0;0;0;0;0;0;0;0;0;0;;0;0;0;0;0;0;;1;0;0;0;0;0;;0;0;0;0;0;0;;1;0;0;0;0;0;;
733;1;2024-07-09 10:47:00Z;6;122;30;30;1320;5;0;0;0;0;0;0;34614;;2871;2871;5760;5760;2886;2886;2895;2895;2895;2895;0;0;0;0;0;0;0;0;0;0;0;0;0;0;0;0;0;0;0;0;0;0;;222;317;80;82;0;0;0;0;0;0;0;0;0;0;0;;0;0;0;0;0;0;0;0;0;0;0;0;0;0;0;0;;2871;5760;2886;2895;2895;0;0;0;0;0;0;0;0;0;0;0;;0;0;0;0;0;0;0;0;0;0;0;0;0;0;0;0;;0;0;0;0;0;0;0;0;0;0;0;0;0;0;0;0;;0;0;0;0;0;0;0;0;0;0;0;0;0;0;0;0;;0;0;0;0;0;0;0;0;0;0;0;0;0;0;0;0;0;0;0;0;0;;0;0;0;0;0;0;;0;0;0;0;0;0;;0;0;0;0;0;0;;1;0;0;0;0;0;;
734;1;2024-07-09 10:47:04Z;6;122;30;30;1320;5;0;0;0;0;0;0;34548;;2892;2892;5745;5745;2865;2865;2886;2886;2886;2886;0;0;0;0;0;0;0;0;0;0;0;0;0;0;0;0;0;0;0;0;0;0;;222;317;80;82;0;0;0;0;0;0;0;0;0;0;0;;0;0;0;0;0;0;0;0;0;0;0;0;0;0;0;0;;2892;5745;2865;2886;2886;0;0;0;0;0;0;0;0;0;0;0;;0;0;0;0;0;0;0;0;0;0;0;0;0;0;0;0;;0;0;0;0;0;0;0;0;0;0;0;0;0;0;0;0;;0;0;0;0;0;0;0;0;0;0;0;0;0;0;0;0;;0;0;0;0;0;0;0;0;0;0;0;0;0;0;0;0;0;0;0;0;0;;0;0;0;0;0;0;;0;0;0;0;0;0;;0;0;0;0;0;0;;1;0;0;0;0;0;;
735;1;2024-07-09 10:47:08Z;6;122;30;30;1320;5;0;0;0;0;0;0;34434;;2883;2883;5736;5736;2859;2859;2865;2865;2874;2874;0;0;0;0;0;0;0;0;0;0;0;0;0;0;0;0;0;0;0;0;0;0;;222;317;79;82;0;0;0;0;0;0;0;0;0;0;0;;0;0;0;0;0;0;0;0;0;0;0;0;0;0;0;0;;2883;5736;2859;2865;2874;0;0;0;0;0;0;0;0;0;0;0;;0;0;0;0;0;0;0;0;0;0;0;0;0;0;0;0;;0;0;0;0;0;0;0;0;0;0;0;0;0;0;0;0;;0;0;0;0;0;0;0;0;0;0;0;0;0;0;0;0;;0;0;0;0;0;0;0;0;0;0;0;0;0;0;0;0;0;0;0;0;0;;0;0;0;0;0;0;;0;0;0;0;0;0;;0;0;0;0;0;0;;1;0;0;0;0;0;;
